iso,year,loss__ha
AFG,2001,88.09271247
AGO,2001,101220.6215
AIA,2001,3.878460708
ALA,2001,396.9348257
ALB,2001,3729.021031
AND,2001,1.654212948
ARG,2001,147805.9504
ARM,2001,131.8406123
ATG,2001,24.07418944
AUS,2001,218816.3021
AUT,2001,6926.269008
AZE,2001,553.2993561
BDI,2001,1417.246957
BEL,2001,971.4881953
BEN,2001,3749.331105
BES,2001,3.031857253
BFA,2001,59.47710511
BGD,2001,4586.997203
BGR,2001,8202.319112
BHS,2001,432.9994197
BIH,2001,1496.107105
BLR,2001,18358.96428
BLZ,2001,8211.629493
BMU,2001,0.195819794
BOL,2001,140321.2605
BRA,2001,2746361.557
BRB,2001,12.36746156
BRN,2001,1244.453823
BTN,2001,297.6596315
BWA,2001,130.9838815
CAF,2001,31282.43685
CAN,2001,1358154.799
CHE,2001,1165.213247
CHL,2001,72711.30281
CHN,2001,230289.1153
CIV,2001,122711.4502
CMR,2001,39203.71718
COD,2001,455516.739
COG,2001,27030.69622
COL,2001,230054.8357
COM,2001,36.97369321
CPV,2001,7.136450794
CRI,2001,15461.87945
CUB,2001,18942.90878
CUW,2001,0.902788526
CYM,2001,20.6816122
CYP,2001,78.62890207
CZE,2001,3460.142586
DEU,2001,15286.38057
DMA,2001,22.79275551
DNK,2001,4329.295853
DOM,2001,11246.81007
DZA,2001,3468.760252
ECU,2001,45002.46871
EGY,2001,147.7649427
ERI,2001,2.529524333
ESP,2001,32811.05352
EST,2001,16872.43451
ETH,2001,11947.24724
FIN,2001,151003.2605
FJI,2001,1097.764054
FRA,2001,34420.96339
GAB,2001,15082.63773
GBR,2001,23244.12725
GEO,2001,666.5563666
GGY,2001,0.957678036
GHA,2001,43644.05617
GIB,2001,0.187285637
GIN,2001,18571.52586
GLP,2001,320.7023856
GMB,2001,3.297421863
GNB,2001,2362.153028
GNQ,2001,3585.419101
GRC,2001,12616.82202
GRD,2001,32.81085887
GTM,2001,53310.17515
GUF,2001,3033.287749
GUY,2001,10039.86771
HKG,2001,7.981291214
HND,2001,42380.17446
HRV,2001,3378.489604
HTI,2001,2469.048298
HUN,2001,7522.059332
IDN,2001,744087.9891
IMN,2001,15.97543762
IND,2001,62361.1745
IRL,2001,9559.474141
IRN,2001,332.4837054
IRQ,2001,16.02663642
ISR,2001,145.9652381
ITA,2001,9871.496932
JAM,2001,1246.241523
JEY,2001,3.696338871
JOR,2001,0.522028031
JPN,2001,23977.46162
KAZ,2001,4534.702741
KEN,2001,19027.21105
KGZ,2001,589.226356
KHM,2001,28491.44387
KNA,2001,45.60965868
KOR,2001,5503.445335
LAO,2001,36474.65075
LBN,2001,299.4042676
LBR,2001,29185.67018
LBY,2001,17.15270152
LCA,2001,31.08046321
LIE,2001,3.423943212
LKA,2001,3759.510363
LSO,2001,1.140052131
LTU,2001,7961.687395
LUX,2001,68.60969197
LVA,2001,24907.62112
MAC,2001,1.428070339
MAF,2001,2.123655985
MAR,2001,1868.288606
MDA,2001,146.6880607
MDG,2001,86956.8327
MDV,2001,4.743487262
MEX,2001,158302.9885
MKD,2001,2059.864143
MLI,2001,347.8706881
MLT,2001,1.251912538
MMR,2001,44804.23913
MNE,2001,858.4920805
MNG,2001,21056.72264
MOZ,2001,60936.64968
MRT,2001,31.83843537
MSR,2001,7.078555306
MTQ,2001,192.9652483
MUS,2001,156.5813835
MWI,2001,2488.28077
MYS,2001,332497.4245
MYT,2001,31.30269367
NAM,2001,417.5124607
NCL,2001,697.9210994
NER,2001,0.150195665
NGA,2001,43386.49462
NIC,2001,44109.79205
NLD,2001,736.4216234
NOR,2001,22445.9414
NPL,2001,1523.194752
NZL,2001,50528.28239
PAK,2001,217.7703951
PAN,2001,18264.10741
PER,2001,86013.86649
PHL,2001,35165.1917
PLW,2001,52.11206112
PNG,2001,36005.1351
POL,2001,19066.10208
PRI,2001,1252.362231
PRK,2001,11945.60949
PRT,2001,24405.37982
PRY,2001,150238.7329
PSE,2001,2.219302278
REU,2001,28.61721413
ROU,2001,17535.52879
RUS,2001,1826602.995
RWA,2001,1516.766321
SDN,2001,26.94295316
SEN,2001,70.59427485
SGP,2001,43.45389467
SLB,2001,2187.117444
SLE,2001,18596.4253
SLV,2001,9499.391624
SOM,2001,339.3039459
SRB,2001,2379.5834
SSD,2001,4906.033993
STP,2001,77.22190502
SUR,2001,3688.947052
SVK,2001,3897.393159
SVN,2001,615.4603105
SWE,2001,144927.2266
SWZ,2001,6734.853711
SXM,2001,1.318283677
SYC,2001,0.379574768
SYR,2001,267.2352947
TCA,2001,7.72720305
TCD,2001,883.6264799
TGO,2001,2776.230616
THA,2001,36101.94359
TJK,2001,61.53772785
TKM,2001,46.21279329
TLS,2001,677.4261599
TTO,2001,1829.096035
TUN,2001,230.6704347
TUR,2001,22910.00549
TWN,2001,1159.068116
TZA,2001,82214.20404
UGA,2001,29658.94722
UKR,2001,28826.3802
UMI,2001,2.11971068
URY,2001,7647.452723
USA,2001,1943318.744
UZB,2001,294.820902
VCT,2001,6.896545779
VEN,2001,123881.1441
VGB,2001,4.092501168
VIR,2001,122.5133707
VNM,2001,47433.13018
VUT,2001,124.3332979
XAD,2001,1.648989262
XCA,2001,9.735251157
XKO,2001,1122.205429
XNC,2001,17.66158322
ZAF,2001,77644.6906
ZMB,2001,30123.7271
ZWE,2001,8205.934185
ABW,2002,0.526107732
AFG,2002,178.6403638
AGO,2002,61034.22727
AIA,2002,0.146329651
ALA,2002,277.8198771
ALB,2002,889.5171155
AND,2002,1.255022224
ARG,2002,105001.8622
ARM,2002,172.5385912
ATG,2002,17.65604165
AUS,2002,312150.1627
AUT,2002,10902.14988
AZE,2002,1154.205943
BDI,2002,986.9362126
BEL,2002,2348.390596
BEN,2002,3480.187346
BES,2002,2.106457457
BFA,2002,4.3029109
BGD,2002,3995.287574
BGR,2002,4638.738812
BHS,2002,700.9761365
BIH,2002,692.6588558
BLR,2002,25383.4157
BLZ,2002,13473.73051
BMU,2002,0.717959402
BOL,2002,178807.9712
BRA,2002,3507049.44
BRB,2002,11.39198156
BRN,2002,1088.845597
BTN,2002,223.9348815
BWA,2002,22.78899863
CAF,2002,34417.72161
CAN,2002,2316887.665
CHE,2002,881.3039027
CHL,2002,78080.97298
CHN,2002,249150.9601
CIV,2002,144559.9075
CMR,2002,28766.95157
COD,2002,514476.6882
COG,2002,24310.14238
COL,2002,182229.1524
COM,2002,41.20393423
CPV,2002,22.8340031
CRI,2002,13289.14909
CUB,2002,15035.84738
CUW,2002,1.279283688
CYM,2002,5.598244417
CYP,2002,31.74324402
CZE,2002,6766.437908
DEU,2002,15303.26237
DMA,2002,11.87470804
DNK,2002,1204.489939
DOM,2002,10435.97987
DZA,2002,3009.833121
ECU,2002,29817.73772
EGY,2002,48.81325058
ERI,2002,0
ESP,2002,37699.01981
EST,2002,21918.38645
ETH,2002,13074.08741
FIN,2002,142432.404
FJI,2002,703.2099391
FRA,2002,33888.39717
GAB,2002,13851.84666
GBR,2002,20112.34996
GEO,2002,536.442198
GGY,2002,0.050347617
GHA,2002,78395.05298
GIB,2002,0.12482941
GIN,2002,28933.47429
GLP,2002,50.88541896
GMB,2002,40.15764074
GNB,2002,6073.797259
GNQ,2002,2986.110544
GRC,2002,5126.049313
GRD,2002,65.83774686
GTM,2002,55600.93461
GUF,2002,2496.703749
GUY,2002,4827.394979
HKG,2002,15.61155641
HND,2002,31528.01233
HRV,2002,2340.179492
HTI,2002,2120.380505
HUN,2002,7711.03737
IDN,2002,855275.863
IMN,2002,13.6648598
IND,2002,53005.48774
IRL,2002,5298.280939
IRN,2002,557.752371
IRQ,2002,10.62006031
ISR,2002,111.7306785
ITA,2002,10931.22755
JAM,2002,1647.570637
JEY,2002,0.810373894
JOR,2002,0.196107558
JPN,2002,26154.03983
KAZ,2002,2952.306624
KEN,2002,20287.52622
KGZ,2002,305.4574798
KHM,2002,54862.0762
KNA,2002,19.79075058
KOR,2002,4705.326872
LAO,2002,55936.73071
LBN,2002,81.20045904
LBR,2002,56984.42382
LBY,2002,40.24566353
LCA,2002,10.91096809
LKA,2002,3427.680386
LSO,2002,2.687139564
LTU,2002,10344.83819
LUX,2002,90.45691516
LVA,2002,29175.98819
MAC,2002,0.928207381
MAF,2002,5.418846674
MAR,2002,3923.517827
MDA,2002,229.7964207
MDG,2002,89317.51419
MDV,2002,4.588154946
MEX,2002,158834.1254
MKD,2002,890.1837635
MLI,2002,175.2904428
MLT,2002,1.752961399
MMR,2002,66119.68071
MNE,2002,179.6207712
MNG,2002,18728.01995
MOZ,2002,106658.3376
MSR,2002,1.62272987
MTQ,2002,48.86224871
MUS,2002,154.4299605
MWI,2002,4189.572628
MYS,2002,312553.7873
MYT,2002,20.86919036
NAM,2002,108.0072182
NCL,2002,626.8680588
NER,2002,0.676416444
NGA,2002,32346.71006
NIC,2002,54194.49469
NLD,2002,824.5813586
NOR,2002,26635.75319
NPL,2002,2128.64331
NZL,2002,63227.9271
PAK,2002,325.0117524
PAN,2002,19200.13718
PER,2002,80452.08582
PHL,2002,32309.18926
PLW,2002,75.30077104
PNG,2002,54575.5022
POL,2002,31070.13979
PRI,2002,1168.095778
PRK,2002,5358.227207
PRT,2002,34903.34915
PRY,2002,195124.6398
PSE,2002,1.830287115
REU,2002,502.6683752
ROU,2002,16356.44545
RUS,2002,2700384.154
RWA,2002,941.338718
SDN,2002,76.10035582
SEN,2002,164.4305544
SGP,2002,123.516999
SLB,2002,3866.106668
SLE,2002,15310.24197
SLV,2002,4666.509817
SMR,2002,0.111479129
SOM,2002,250.8913304
SPM,2002,0.105856563
SRB,2002,1134.989088
SSD,2002,8148.679824
SUR,2002,3717.477562
SVK,2002,4015.732505
SVN,2002,723.8725078
SWE,2002,178264.0808
SWZ,2002,3800.765838
SXM,2002,0.439427723
SYC,2002,0.227775334
SYR,2002,147.9991941
TCA,2002,4.652026517
TCD,2002,1958.47583
TGO,2002,2020.785483
THA,2002,60882.18974
TJK,2002,36.63912049
TKM,2002,105.1787401
TLS,2002,1604.598898
TTO,2002,726.0770093
TUN,2002,243.8717387
TUR,2002,25722.22142
TWN,2002,1004.574022
TZA,2002,85080.90089
UGA,2002,10840.69681
UKR,2002,27077.01971
UMI,2002,6.505533058
URY,2002,6870.11867
USA,2002,2038435.691
UZB,2002,265.2317188
VCT,2002,7.945998949
VEN,2002,90372.37708
VGB,2002,2.996441556
VIR,2002,20.90283313
VNM,2002,49625.43782
VUT,2002,108.2396496
XAD,2002,0.507202227
XCA,2002,23.39391396
XKO,2002,214.9078823
XNC,2002,3.340847417
ZAF,2002,47679.93414
ZMB,2002,46240.24361
ZWE,2002,8016.170851
ABW,2003,0.9770576
AFG,2003,244.3362552
AGO,2003,52461.54547
AIA,2003,1.097745085
ALA,2003,220.7748552
ALB,2003,613.533965
AND,2003,0.342063642
ARG,2003,249155.0069
ARM,2003,395.8166949
ATG,2003,17.07802261
AUS,2003,373846.6091
AUT,2003,14475.69483
AZE,2003,1039.341551
BDI,2003,1325.183318
BEL,2003,1889.777513
BEN,2003,3475.926415
BES,2003,16.15018967
BFA,2003,2.038243484
BGD,2003,2159.457158
BGR,2003,5198.715558
BHS,2003,274.2308763
BIH,2003,307.8114117
BLR,2003,32119.38156
BLZ,2003,6843.896175
BMU,2003,0.130570243
BOL,2003,163759.0988
BRA,2003,3248526.734
BRB,2003,2.997849387
BRN,2003,799.1767213
BTN,2003,543.6007673
BWA,2003,8.572551344
CAF,2003,13726.63788
CAN,2003,1607282.58
CHE,2003,433.2828851
CHL,2003,82843.76404
CHN,2003,261761.4952
CIV,2003,86282.29679
CMR,2003,25344.84636
COD,2003,274739.9994
COG,2003,18514.84252
COL,2003,122417.1448
COM,2003,26.65331395
CPV,2003,8.925222414
CRI,2003,8260.607755
CUB,2003,6556.683915
CUW,2003,0.827957708
CYM,2003,6.324797604
CYP,2003,25.22916781
CZE,2003,3925.277971
DEU,2003,6448.617531
DMA,2003,27.23870244
DNK,2003,1579.71326
DOM,2003,10714.00158
DZA,2003,3831.437113
ECU,2003,13835.72643
EGY,2003,61.01187804
ESP,2003,23315.39344
EST,2003,5632.561979
ETH,2003,13936.04122
FIN,2003,89696.55115
FJI,2003,1572.235904
FRA,2003,26393.33418
GAB,2003,16845.22031
GBR,2003,1875.16737
GEO,2003,292.002685
GHA,2003,24955.24902
GIN,2003,9229.458009
GLP,2003,76.87749934
GMB,2003,10.56543665
GNB,2003,1021.877364
GNQ,2003,1961.187536
GRC,2003,2562.535174
GRD,2003,71.34625369
GTM,2003,98173.67565
GUF,2003,1889.081601
GUY,2003,7418.606943
HKG,2003,7.057239355
HND,2003,33624.77328
HRV,2003,1738.980492
HTI,2003,1070.162075
HUN,2003,5733.022733
IDN,2003,544810.2966
IMN,2003,1.817298033
IND,2003,47750.63815
IRL,2003,2262.865182
IRN,2003,326.6750206
IRQ,2003,19.61672495
ISR,2003,30.17165819
ITA,2003,3613.191038
JAM,2003,1029.274034
JOR,2003,0.065259603
JPN,2003,19747.36425
KAZ,2003,3351.858901
KEN,2003,13552.81076
KGZ,2003,110.7895604
KHM,2003,56839.5435
KNA,2003,32.14738442
KOR,2003,3611.332973
LAO,2003,87074.13238
LBN,2003,83.57542339
LBR,2003,21604.81357
LBY,2003,25.26571737
LCA,2003,19.4266862
LKA,2003,3149.494821
LSO,2003,2.484692584
LTU,2003,8916.009263
LUX,2003,103.4199707
LVA,2003,21321.4159
MAF,2003,3.295436471
MAR,2003,2042.52646
MDA,2003,100.5993463
MDG,2003,84247.95977
MDV,2003,2.142708274
MEX,2003,152559.2962
MKD,2003,895.2280943
MLI,2003,34.24351147
MMR,2003,77224.46441
MNE,2003,203.6859679
MNG,2003,38433.831
MOZ,2003,79643.95853
MRT,2003,1.256266299
MSR,2003,2.286058313
MTQ,2003,288.4695298
MUS,2003,119.6302621
MWI,2003,7112.996717
MYS,2003,183911.2165
MYT,2003,30.92584943
NAM,2003,208.6842167
NCL,2003,883.9158608
NER,2003,0.224596165
NGA,2003,13380.62881
NIC,2003,46963.69084
NLD,2003,309.8542634
NOR,2003,14817.39184
NPL,2003,2291.937476
NZL,2003,44798.28289
PAK,2003,641.697765
PAN,2003,11283.21097
PER,2003,73869.2433
PHL,2003,35154.20535
PLW,2003,17.62527665
PNG,2003,31805.61403
POL,2003,33292.99197
PRI,2003,1194.089454
PRK,2003,7348.877292
PRT,2003,26840.33637
PRY,2003,267309.0875
PSE,2003,1.438763533
REU,2003,142.6275971
ROU,2003,9427.598947
RUS,2003,3030068.958
RWA,2003,1060.927568
SDN,2003,18.66824164
SEN,2003,37.78890445
SGP,2003,18.84275868
SLB,2003,2374.830165
SLE,2003,9098.946831
SLV,2003,5983.700596
SMR,2003,0.055779092
SOM,2003,105.3720153
SRB,2003,864.9410101
SSD,2003,2063.178286
SUR,2003,4545.827243
SVK,2003,3750.001625
SVN,2003,528.3497426
SWE,2003,92619.4072
SWZ,2003,5760.353992
SXM,2003,2.12410459
SYR,2003,114.8063417
TCA,2003,10.37610118
TCD,2003,193.5413761
TGO,2003,2054.056559
THA,2003,58447.9422
TJK,2003,31.86869306
TKM,2003,84.86276665
TLS,2003,690.7395443
TTO,2003,726.4368091
TUN,2003,1539.083728
TUR,2003,17743.88168
TWN,2003,1125.206168
TZA,2003,84068.20903
UGA,2003,11980.09565
UKR,2003,38954.86705
URY,2003,10611.51037
USA,2003,1649383.91
UZB,2003,52.79889595
VCT,2003,9.668587918
VEN,2003,87228.87271
VGB,2003,1.82742184
VIR,2003,39.95442694
VNM,2003,43007.84845
VUT,2003,529.2629618
XCA,2003,8.85048139
XKO,2003,261.3241772
XNC,2003,2.458474056
ZAF,2003,92572.61492
ZMB,2003,41954.73061
ZWE,2003,7312.198341
AFG,2004,201.4449585
AGO,2004,71273.87691
AIA,2004,8.853995905
ALA,2004,735.849796
ALB,2004,3236.59554
AND,2004,22.58937449
ARG,2004,433429.6897
ARM,2004,83.20474395
ATG,2004,25.46325975
AUS,2004,124768.677
AUT,2004,14599.40477
AZE,2004,584.955793
BDI,2004,613.8788333
BEL,2004,4793.340651
BEN,2004,683.6076116
BES,2004,0.297395552
BFA,2004,8.605090964
BGD,2004,4282.539726
BGR,2004,8170.466307
BHS,2004,588.0993715
BIH,2004,4121.820011
BLM,2004,0.146597992
BLR,2004,38596.68301
BLZ,2004,4312.259674
BMU,2004,0.652759236
BOL,2004,203251.4841
BRA,2004,3848770.79
BRB,2004,8.319537711
BRN,2004,1197.136196
BTN,2004,1013.177804
BWA,2004,50.65776501
CAF,2004,14588.89728
CAN,2004,2706458.872
CHE,2004,3829.659122
CHL,2004,85728.78243
CHN,2004,501543.7961
CIV,2004,48048.33722
CMR,2004,23003.29793
COD,2004,400044.274
COG,2004,13832.85006
COL,2004,253840.0087
COM,2004,40.38383805
CPV,2004,0.59513159
CRI,2004,9767.049736
CUB,2004,21973.72747
CUW,2004,0.601840548
CYM,2004,47.10307624
CYP,2004,87.55564101
CZE,2004,13453.69086
DEU,2004,44939.9818
DMA,2004,79.35513134
DNK,2004,2413.812853
DOM,2004,19387.94135
DZA,2004,4374.159388
ECU,2004,37249.86389
EGY,2004,101.4492395
ESP,2004,67273.87562
EST,2004,18106.2207
ETH,2004,13396.26216
FIN,2004,146602.3462
FJI,2004,2079.813684
FRA,2004,76134.34456
GAB,2004,9981.655614
GBR,2004,24846.81263
GEO,2004,1967.062715
GGY,2004,0.100761849
GHA,2004,17625.24051
GIN,2004,17158.3261
GLP,2004,191.1700125
GMB,2004,63.0847225
GNB,2004,3539.10216
GNQ,2004,421.4307721
GRC,2004,6813.690617
GRD,2004,631.0175742
GTM,2004,56448.60918
GUF,2004,4805.025467
GUY,2004,4062.36701
HKG,2004,18.88890724
HND,2004,26455.07106
HRV,2004,6727.12796
HTI,2004,2382.72801
HUN,2004,12008.50913
IDN,2004,1289042.657
IMN,2004,8.57891682
IND,2004,74129.19983
IRL,2004,6865.772989
IRN,2004,276.0028258
IRQ,2004,4.421485863
ISR,2004,67.69178197
ITA,2004,17224.87734
JAM,2004,3901.152525
JEY,2004,1.164486755
JOR,2004,2.285148839
JPN,2004,37312.53504
KAZ,2004,5513.10185
KEN,2004,16988.3283
KGZ,2004,192.268986
KHM,2004,79250.90741
KNA,2004,25.0763394
KOR,2004,11406.23474
LAO,2004,64248.47656
LBN,2004,109.2798766
LBR,2004,6233.559719
LBY,2004,10.26316376
LCA,2004,40.20301619
LIE,2004,9.430858215
LKA,2004,5599.447793
LSO,2004,4.377548763
LTU,2004,13100.96703
LUX,2004,311.4913424
LVA,2004,30638.90654
MAF,2004,1.611069718
MAR,2004,1440.577721
MDA,2004,264.0361809
MDG,2004,81845.25203
MDV,2004,2.372010473
MEX,2004,169841.4503
MKD,2004,2200.45235
MLI,2004,153.3126343
MLT,2004,2.504050279
MMR,2004,102186.3236
MNE,2004,915.3286137
MNG,2004,53302.97359
MOZ,2004,107725.6994
MRT,2004,0.073707407
MSR,2004,7.670082819
MTQ,2004,166.9943681
MUS,2004,328.8277761
MWI,2004,5712.450872
MYS,2004,351801.5405
MYT,2004,5.104813809
NAM,2004,61.463207
NCL,2004,1510.202993
NER,2004,0.075177348
NGA,2004,14643.94795
NIC,2004,21064.75244
NLD,2004,1297.312207
NOR,2004,33742.07112
NPL,2004,2479.589152
NZL,2004,60680.50743
OMN,2004,0
PAK,2004,1168.056217
PAN,2004,16835.99287
PER,2004,101320.4688
PHL,2004,48579.06243
PLW,2004,29.82970905
PNG,2004,58329.43331
POL,2004,41873.83975
PRI,2004,1323.684332
PRK,2004,11358.56694
PRT,2004,55314.55767
PRY,2004,247347.943
PSE,2004,1.180418107
ROU,2004,18859.00772
RUS,2004,3521017.879
RWA,2004,1121.687132
SDN,2004,13.20682805
SEN,2004,128.0469593
SGP,2004,34.99393024
SLB,2004,3543.180225
SLE,2004,4019.839491
SLV,2004,4554.936208
SMR,2004,0.613287081
SOM,2004,215.0111914
SRB,2004,2637.804358
SSD,2004,10442.50618
SUR,2004,5423.311786
SVK,2004,4624.862474
SVN,2004,1271.787497
SWE,2004,271564.1661
SWZ,2004,5363.851962
SXM,2004,1.098571789
SYR,2004,107.0223453
TCA,2004,10.44454822
TCD,2004,456.7286127
TGO,2004,2761.038164
THA,2004,91835.29434
TJK,2004,20.00465123
TKM,2004,28.8497196
TLS,2004,2061.910767
TTO,2004,734.0504236
TUN,2004,318.5653458
TUR,2004,28978.04726
TWN,2004,1858.343827
TZA,2004,66892.58738
UGA,2004,18076.7597
UKR,2004,49493.09679
URY,2004,15126.32598
USA,2004,2746257.288
UZB,2004,48.65639147
VCT,2004,21.28327655
VEN,2004,90986.85666
VGB,2004,2.630956387
VIR,2004,33.27492403
VNM,2004,73880.88154
VUT,2004,377.5604624
XAD,2004,1.589353235
XCA,2004,16.44449478
XKO,2004,572.839652
XNC,2004,15.4524238
ZAF,2004,72602.01358
ZMB,2004,28487.54906
ZWE,2004,8421.515295
AFG,2005,235.9568343
AGO,2005,93434.73684
AIA,2005,3.658662923
ALA,2005,698.8540973
ALB,2005,694.575351
AND,2005,2.396157698
ARG,2005,367249.3478
ARM,2005,104.0145776
ATG,2005,61.16559982
AUS,2005,177023.6081
AUT,2005,21657.14561
AZE,2005,246.2652588
BDI,2005,985.3796719
BEL,2005,3027.934669
BEN,2005,1591.086602
BES,2005,1.106611155
BFA,2005,16.907762
BGD,2005,3293.032456
BGR,2005,6566.710561
BHS,2005,1450.090574
BIH,2005,573.6156294
BLM,2005,0.073298845
BLR,2005,36192.43595
BLZ,2005,8103.846463
BMU,2005,0.326339101
BOL,2005,250748.3272
BRA,2005,3486562.705
BRB,2005,9.518267798
BRN,2005,1278.318599
BTN,2005,770.0022306
BWA,2005,49.09584397
CAF,2005,29316.80744
CAN,2005,2920793.258
CHE,2005,2321.120704
CHL,2005,106925.7186
CHN,2005,383590.3454
CIV,2005,65320.73486
CMR,2005,25159.00557
COD,2005,485292.8788
COG,2005,18853.37768
COL,2005,188743.6709
COM,2005,86.55857499
CPV,2005,5.479304097
CRI,2005,16562.80375
CUB,2005,12833.60324
CUW,2005,0.677289202
CYM,2005,9.160497889
CYP,2005,34.65057256
CZE,2005,25560.17641
DEU,2005,39738.50154
DMA,2005,52.32315261
DNK,2005,9048.804003
DOM,2005,25088.10483
DZA,2005,4469.568629
ECU,2005,40379.26473
EGY,2005,52.65109406
ERI,2005,0
ESP,2005,48955.00105
EST,2005,14818.21345
ETH,2005,15868.63341
FIN,2005,230333.5206
FJI,2005,1665.637319
FRA,2005,46390.59105
GAB,2005,17699.01808
GBR,2005,8872.532132
GEO,2005,548.9994964
GHA,2005,41346.40078
GIN,2005,14580.93563
GLP,2005,223.0801862
GMB,2005,5.544739316
GNB,2005,3928.186248
GNQ,2005,1608.551506
GRC,2005,4180.682542
GRD,2005,47.48766736
GTM,2005,100829.2897
GUF,2005,2840.653312
GUY,2005,5832.153956
HKG,2005,8.768261271
HND,2005,40471.66286
HRV,2005,2747.170451
HTI,2005,2033.240901
HUN,2005,10398.14546
IDN,2005,1182441.785
IMN,2005,10.69349067
IND,2005,62504.67385
IRL,2005,8093.547856
IRN,2005,173.0219534
IRQ,2005,4.556405289
ISR,2005,137.2860979
ITA,2005,10896.06101
JAM,2005,7597.856756
JOR,2005,0.0654041
JPN,2005,36385.89071
KAZ,2005,3166.542801
KEN,2005,12745.43286
KGZ,2005,82.05093488
KHM,2005,64649.35026
KNA,2005,18.90325368
KOR,2005,8922.221204
LAO,2005,68327.27624
LBN,2005,300.1351942
LBR,2005,11323.80671
LBY,2005,21.82575351
LCA,2005,53.96006045
LIE,2005,5.532249858
LKA,2005,4682.153365
LSO,2005,2.013437065
LTU,2005,20384.54333
LUX,2005,67.94917344
LVA,2005,40712.26075
MAF,2005,4.906544016
MAR,2005,1526.380009
MDA,2005,109.776083
MDG,2005,93628.14996
MDV,2005,3.597419443
MEX,2005,206855.7161
MKD,2005,1306.67832
MLI,2005,83.21800502
MLT,2005,0.375244902
MMR,2005,91847.19125
MNE,2005,172.2862593
MNG,2005,7466.82574
MOZ,2005,150558.1388
MRT,2005,0.073900905
MSR,2005,24.34238823
MTQ,2005,204.773849
MUS,2005,174.2112224
MWI,2005,9445.008719
MYS,2005,375419.863
MYT,2005,34.30775129
NAM,2005,64.32429262
NCL,2005,1471.686913
NGA,2005,13279.8991
NIC,2005,95150.05188
NLD,2005,1472.038062
NOR,2005,24918.83752
NPL,2005,2758.319494
NZL,2005,52519.23788
PAK,2005,948.1827763
PAN,2005,12349.22333
PER,2005,163023.1377
PHL,2005,49781.58481
PLW,2005,43.40984524
PNG,2005,39021.21608
POL,2005,82378.57067
PRI,2005,1288.007315
PRK,2005,16528.51423
PRT,2005,38934.42515
PRY,2005,262650.764
PSE,2005,0.456773346
REU,2005,225.3239566
ROU,2005,19418.21377
RUS,2005,1589993.162
RWA,2005,821.9229421
SDN,2005,100.1878736
SEN,2005,71.58203072
SGP,2005,82.29476475
SLB,2005,6549.425911
SLE,2005,6872.404838
SLV,2005,5880.546431
SMR,2005,0.167247596
SOM,2005,271.9112389
SRB,2005,1550.573728
SSD,2005,10566.19773
SUR,2005,3512.144503
SVK,2005,27674.41493
SVN,2005,1950.954262
SWE,2005,248560.1687
SWZ,2005,4535.096301
SXM,2005,3.588811762
SYC,2005,0.151844089
SYR,2005,791.8076299
TCA,2005,22.25030443
TCD,2005,472.3727029
TGO,2005,2047.965588
THA,2005,84287.06004
TJK,2005,28.53926539
TKM,2005,30.5327798
TLS,2005,1311.308118
TTO,2005,1228.863956
TUN,2005,632.9729463
TUR,2005,20410.60263
TWN,2005,1522.31502
TZA,2005,91583.41419
UGA,2005,29172.07693
UKR,2005,36558.45416
UMI,2005,84.49769213
URY,2005,15919.04662
USA,2005,2691544.211
UZB,2005,21.18575016
VCT,2005,16.63506363
VEN,2005,94967.00677
VGB,2005,3.727422079
VIR,2005,20.30460963
VNM,2005,102211.1188
VUT,2005,254.4832671
XAD,2005,0.190439375
XCA,2005,6.98901279
XKO,2005,313.8317035
XNC,2005,3.654244014
ZAF,2005,104652.3464
ZMB,2005,57518.16135
ZWE,2005,11748.83515
ABW,2006,0.225486961
AFG,2006,152.0845359
AGO,2006,76940.42603
AIA,2006,1.317156598
ALA,2006,100.1445616
ALB,2006,962.7062924
AND,2006,6.624548271
ARG,2006,316447.2284
ARM,2006,129.7490667
ATG,2006,61.152116
AUS,2006,186303.9394
AUT,2006,12583.53339
AZE,2006,525.2014627
BDI,2006,343.5676257
BEL,2006,6916.084249
BEN,2006,1794.804498
BES,2006,6.900502289
BFA,2006,4.757071365
BGD,2006,6862.821263
BGR,2006,5171.123841
BHS,2006,1015.773944
BIH,2006,535.9688348
BLR,2006,42269.35271
BLZ,2006,4269.735224
BMU,2006,0.065301982
BOL,2006,216314.8215
BRA,2006,2876804.747
BRB,2006,4.122334598
BRN,2006,1013.514425
BTN,2006,622.8728831
BWA,2006,40.10784404
CAF,2006,57883.22093
CAN,2006,2406190.736
CHE,2006,2048.850496
CHL,2006,91923.23939
CHN,2006,575232.887
CIV,2006,97780.65199
CMR,2006,35986.04111
COD,2006,453170.6128
COG,2006,22153.9381
COL,2006,189963.6017
COM,2006,12.96365993
CPV,2006,6.024247134
CRI,2006,10059.47496
CUB,2006,12305.08782
CUW,2006,3.460681364
CYM,2006,17.95942013
CYP,2006,58.60322574
CZE,2006,8606.687254
DEU,2006,42652.88487
DMA,2006,25.38270162
DNK,2006,5213.706719
DOM,2006,13413.9154
DZA,2006,5415.394074
ECU,2006,35602.59677
EGY,2006,38.12591039
ESP,2006,72719.07732
EST,2006,21731.76607
ETH,2006,12075.93886
FIN,2006,182294.8218
FJI,2006,1874.418806
FRA,2006,55049.47436
GAB,2006,19300.76156
GBR,2006,21053.4779
GEO,2006,531.3530526
GGY,2006,0.151252314
GHA,2006,27136.10603
GIN,2006,15305.72413
GLP,2006,62.26845623
GMB,2006,6.294415373
GNB,2006,2018.27363
GNQ,2006,1255.615539
GRC,2006,7345.97017
GRD,2006,31.53202039
GTM,2006,52558.40356
GUF,2006,2534.97069
GUY,2006,5933.770238
HKG,2006,20.81847235
HND,2006,41630.86209
HRV,2006,2204.198907
HTI,2006,1162.839786
HUN,2006,7989.93471
IDN,2006,1433150.234
IMN,2006,26.24447503
IND,2006,67410.50808
IRL,2006,5248.275462
IRN,2006,140.7888508
IRQ,2006,6.240043598
ISR,2006,132.2276804
ITA,2006,8901.865352
JAM,2006,2797.683668
JEY,2006,0.202687906
JOR,2006,0.783579142
JPN,2006,38974.45383
KAZ,2006,3142.037634
KEN,2006,20656.43878
KGZ,2006,110.5831599
KHM,2006,80507.1954
KNA,2006,20.4544453
KOR,2006,10148.49521
LAO,2006,122677.8799
LBN,2006,148.8179049
LBR,2006,36221.24298
LBY,2006,16.30246551
LCA,2006,98.11695234
LIE,2006,11.59810537
LKA,2006,7730.473436
LSO,2006,2.425620266
LTU,2006,17449.72687
LUX,2006,365.9888042
LVA,2006,38893.50325
MAC,2006,3.49832494
MAF,2006,2.636319611
MAR,2006,2221.77692
MDA,2006,173.201521
MDG,2006,71034.03766
MDV,2006,3.906378081
MEX,2006,179043.6659
MKD,2006,2042.132597
MLI,2006,103.7089366
MLT,2006,0.625885313
MMR,2006,127464.1415
MNE,2006,175.546174
MNG,2006,13249.21445
MOZ,2006,172223.8975
MSR,2006,12.61260458
MTQ,2006,91.17823278
MUS,2006,142.4874223
MWI,2006,5563.048996
MYS,2006,333901.3949
MYT,2006,41.58675274
NAM,2006,17.04099672
NCL,2006,2134.532561
NGA,2006,26167.55795
NIC,2006,38875.4582
NLD,2006,1482.347281
NOR,2006,40648.51286
NPL,2006,3255.010029
NZL,2006,61671.65711
PAK,2006,1345.32011
PAN,2006,34322.71157
PER,2006,88915.88444
PHL,2006,57428.52505
PLW,2006,34.86713969
PNG,2006,56388.4053
POL,2006,37680.33709
PRI,2006,1242.998386
PRK,2006,12580.25143
PRT,2006,42566.30062
PRY,2006,148256.361
PSE,2006,0.723415528
REU,2006,628.8964876
ROU,2006,13066.51923
RUS,2006,2233420.255
RWA,2006,745.5328997
SDN,2006,4.150664514
SEN,2006,41.24825585
SGP,2006,56.06806504
SLB,2006,5068.41964
SLE,2006,28525.9284
SLV,2006,4604.314795
SOM,2006,118.5166969
SRB,2006,1891.223049
SSD,2006,8963.298123
SUR,2006,3404.350216
SVK,2006,8022.866911
SVN,2006,1246.118948
SWE,2006,249126.0801
SWZ,2006,9431.399995
SXM,2006,2.270716446
SYC,2006,0.151818217
SYR,2006,280.7515573
TCA,2006,4.577945866
TCD,2006,2981.897009
TGO,2006,1687.80643
THA,2006,99820.57963
TJK,2006,19.43307664
TKM,2006,13.62915283
TLS,2006,2929.092199
TTO,2006,1755.825236
TUN,2006,353.7352516
TUR,2006,25884.82381
TWN,2006,2076.722502
TZA,2006,85295.84419
UGA,2006,28448.19803
UKR,2006,42130.10873
UMI,2006,0.073094775
URY,2006,21029.2794
USA,2006,2605855.554
UZB,2006,53.07967529
VCT,2006,10.49410676
VEN,2006,85490.75854
VGB,2006,2.777119089
VIR,2006,73.8059374
VNM,2006,78777.19253
VUT,2006,219.1213868
XAD,2006,2.097757331
XCA,2006,8.970921929
XKO,2006,519.9870445
XNC,2006,15.89387124
ZAF,2006,104943.2707
ZMB,2006,40500.9012
ZWE,2006,14883.27679
AFG,2007,252.841662
AGO,2007,145286.7126
AIA,2007,8.63554887
ALA,2007,247.9460723
ALB,2007,5225.026688
AND,2007,2.169059292
ARG,2007,425345.2678
ARM,2007,54.53641566
ATG,2007,37.15782874
AUS,2007,372716.7841
AUT,2007,31669.68993
AZE,2007,507.5572253
BDI,2007,1861.686871
BEL,2007,5985.142534
BEN,2007,4659.699062
BES,2007,0.660916714
BFA,2007,2.868084606
BGD,2007,3995.102624
BGR,2007,9557.281925
BHS,2007,604.8076716
BIH,2007,2681.522459
BLR,2007,32656.75023
BLZ,2007,12263.6032
BOL,2007,189952.9201
BRA,2007,2621820.178
BRB,2007,31.6282371
BRN,2007,1564.832815
BTN,2007,508.2207291
BWA,2007,33.55963859
CAF,2007,37308.15626
CAN,2007,2117900.17
CHE,2007,1852.248352
CHL,2007,121652.3289
CHN,2007,652978.7122
CIV,2007,90864.76358
CMR,2007,45916.05231
COD,2007,462903.2876
COG,2007,29764.68795
COL,2007,269029.2864
COM,2007,77.72839325
CPV,2007,0.591771181
CRI,2007,11447.87329
CUB,2007,7873.760798
CUW,2007,4.21289018
CYM,2007,17.86412731
CYP,2007,778.2392784
CZE,2007,21325.09484
DEU,2007,93223.62502
DMA,2007,40.30000141
DNK,2007,4381.407304
DOM,2007,16059.06186
DZA,2007,5201.556583
ECU,2007,60539.50437
EGY,2007,78.27013989
ESP,2007,60256.31685
EST,2007,16188.59507
ETH,2007,25608.57311
FIN,2007,151914.8779
FJI,2007,2148.467098
FRA,2007,49246.17317
GAB,2007,16501.47575
GBR,2007,31222.41959
GEO,2007,992.4460001
GHA,2007,40172.37056
GIN,2007,33821.27135
GLP,2007,158.3031189
GMB,2007,49.60546798
GNB,2007,6044.027621
GNQ,2007,3141.527252
GRC,2007,46061.55696
GRD,2007,67.81289337
GTM,2007,126556.7246
GUF,2007,3328.108834
GUY,2007,5249.63206
HKG,2007,29.58773664
HND,2007,42412.38496
HRV,2007,3237.112404
HTI,2007,2077.211676
HUN,2007,9361.071277
IDN,2007,1387625.292
IMN,2007,30.38838462
IND,2007,73906.51986
IRL,2007,11681.90158
IRN,2007,131.0592763
IRQ,2007,10.32854486
ISR,2007,47.96047012
ITA,2007,11590.05571
JAM,2007,1269.915259
JOR,2007,0.391925697
JPN,2007,45585.77816
KAZ,2007,4605.437639
KEN,2007,26102.96008
KGZ,2007,107.4293335
KHM,2007,77676.05563
KNA,2007,12.28689485
KOR,2007,8096.166335
LAO,2007,132995.1258
LBN,2007,273.0303215
LBR,2007,44282.08228
LBY,2007,4.290915298
LCA,2007,48.575696
LIE,2007,8.433932017
LKA,2007,10241.81996
LSO,2007,3.018690577
LTU,2007,16036.74941
LUX,2007,502.2325747
LVA,2007,36128.7537
MAC,2007,4.42678234
MAF,2007,2.709545012
MAR,2007,2513.070495
MDA,2007,236.2628222
MDG,2007,188580.0889
MDV,2007,6.1934676
MEX,2007,218600.7542
MKD,2007,3862.343733
MLI,2007,125.0852239
MLT,2007,0.813837645
MMR,2007,146598.3183
MNE,2007,1051.424389
MNG,2007,48081.70457
MOZ,2007,138492.6066
MSR,2007,10.47386603
MTQ,2007,155.675143
MUS,2007,131.7104811
MWI,2007,7494.461042
MYS,2007,405158.5125
MYT,2007,20.04483602
NAM,2007,80.07489582
NCL,2007,975.1134733
NER,2007,0.075170936
NGA,2007,24572.53018
NIC,2007,88499.9115
NLD,2007,1646.094035
NOR,2007,31841.16195
NPL,2007,3465.502269
NZL,2007,62642.62341
PAK,2007,1123.463104
PAN,2007,20644.52749
PER,2007,115742.7787
PHL,2007,66498.02542
PLW,2007,90.63736882
PNG,2007,49173.00346
POL,2007,57310.99658
PRI,2007,1037.451056
PRK,2007,13289.30116
PRT,2007,36321.93875
PRY,2007,426216.1302
PSE,2007,1.179882171
ROU,2007,38081.9261
RUS,2007,2338922.622
RWA,2007,1429.976725
SDN,2007,184.9207849
SEN,2007,172.3213261
SGP,2007,74.44906843
SLB,2007,5665.31338
SLE,2007,21878.47753
SLV,2007,2984.158948
SMR,2007,0.947952559
SOM,2007,270.5877625
SPM,2007,0.10590869
SRB,2007,2254.056465
SSD,2007,9523.609931
SUR,2007,3625.827878
SVK,2007,9485.823045
SVN,2007,2106.658484
SWE,2007,182858.0368
SWZ,2007,6469.371087
SXM,2007,5.420395278
SYR,2007,1577.236882
TCA,2007,73.5404756
TCD,2007,1001.077371
TGO,2007,3187.393568
THA,2007,92628.55864
TJK,2007,14.0399934
TKM,2007,37.80768805
TLS,2007,1555.901781
TTO,2007,1108.586612
TUN,2007,878.4803312
TUR,2007,25344.1462
TWN,2007,1729.670144
TZA,2007,121685.2129
UGA,2007,36627.18579
UKR,2007,64266.43965
URY,2007,21529.69942
USA,2007,2435127.98
UZB,2007,43.11389129
VCT,2007,23.15694366
VEN,2007,114346.9797
VGB,2007,6.138666342
VIR,2007,25.06351793
VNM,2007,80225.30123
VUT,2007,111.8981949
XAD,2007,3.367707529
XCA,2007,17.06551944
XKO,2007,811.0238212
XNC,2007,12.67776585
ZAF,2007,47105.15704
ZMB,2007,53654.07997
ZWE,2007,9299.785557
AFG,2008,107.4062482
AGO,2008,103582.0364
AIA,2008,10.39065127
ALA,2008,1291.947955
ALB,2008,5471.318404
AND,2008,5.247863487
ARG,2008,592753.2272
ARM,2008,113.0315331
ATG,2008,45.69564378
AUS,2008,205724.854
AUT,2008,26895.74319
AZE,2008,472.3169241
BDI,2008,1999.445333
BEL,2008,7213.544886
BEN,2008,481.5517399
BES,2008,0.590921557
BFA,2008,4.757499022
BGD,2008,4480.089873
BGR,2008,6448.134767
BHS,2008,1949.235761
BIH,2008,1551.788318
BLM,2008,0.146610286
BLR,2008,35896.4819
BLZ,2008,8216.09473
BMU,2008,0.195896768
BOL,2008,369850.5606
BRA,2008,2444308.038
BRB,2008,13.71672659
BRN,2008,1299.95055
BTN,2008,775.3336951
BWA,2008,26.06325586
CAF,2008,31859.75234
CAN,2008,1949007.837
CHE,2008,2419.26864
CHL,2008,123068.3134
CHN,2008,738031.2919
CIV,2008,127554.8331
CMR,2008,35141.59928
COD,2008,404830.7294
COG,2008,17374.33581
COL,2008,231849.4997
COM,2008,34.95359878
CPV,2008,0.148145368
CRI,2008,21875.0408
CUB,2008,17083.73577
CUW,2008,5.492518068
CYM,2008,32.34618678
CYP,2008,94.79670438
CZE,2008,16872.51001
DEU,2008,61696.17109
DMA,2008,93.3736837
DNK,2008,6060.808106
DOM,2008,21612.20822
DZA,2008,7972.33696
ECU,2008,51890.07405
EGY,2008,81.46682984
ESP,2008,44287.97422
EST,2008,18296.51161
ETH,2008,24008.62801
FIN,2008,200192.107
FJI,2008,2387.257111
FRA,2008,86955.39993
GAB,2008,17367.16599
GBR,2008,12505.12979
GEO,2008,745.6179695
GGY,2008,0.252044675
GHA,2008,37848.66471
GIN,2008,21481.36187
GLP,2008,134.8593614
GMB,2008,297.2128362
GNB,2008,3248.361754
GNQ,2008,4821.675874
GRC,2008,21197.20768
GRD,2008,64.18114656
GTM,2008,77172.95991
GUF,2008,5223.395382
GUY,2008,9460.220061
HKG,2008,26.51698052
HND,2008,43299.04955
HRV,2008,3890.747255
HTI,2008,2191.548927
HUN,2008,8911.602985
IDN,2008,1396251.29
IND,2008,85952.75573
IRL,2008,6923.786207
IRN,2008,374.2013381
IRQ,2008,17.80291335
ISR,2008,65.05592308
ITA,2008,15153.61513
JAM,2008,2026.920948
JEY,2008,2.076033521
JPN,2008,40839.3151
KAZ,2008,4548.577746
KEN,2008,19224.20869
KGZ,2008,106.6869543
KHM,2008,83499.46632
KNA,2008,22.80816581
KOR,2008,14022.03191
LAO,2008,80591.8662
LBN,2008,393.7967702
LBR,2008,36172.38479
LBY,2008,5.719577115
LCA,2008,56.11256767
LIE,2008,8.851673785
LKA,2008,6499.718686
LSO,2008,5.786412848
LTU,2008,15203.36586
LUX,2008,983.5287603
LVA,2008,29308.3117
MAC,2008,3.641185762
MAF,2008,2.929328065
MAR,2008,3409.465997
MDA,2008,135.1053107
MDG,2008,123502.2673
MDV,2008,6.652925154
MEX,2008,184377.2476
MKD,2008,3960.287253
MLI,2008,105.644876
MLT,2008,0.939207352
MMR,2008,119216.2782
MNE,2008,1429.190371
MNG,2008,56001.45858
MOZ,2008,204759.7038
MSR,2008,6.56391105
MTQ,2008,278.1229154
MUS,2008,188.6357347
MWI,2008,9724.433224
MYS,2008,367972.3269
MYT,2008,42.7912339
NAM,2008,33.50885191
NCL,2008,521.7802026
NGA,2008,27470.65874
NIC,2008,53814.34588
NLD,2008,1150.752282
NOR,2008,33815.40052
NPL,2008,2991.812973
NZL,2008,61372.24404
OMN,2008,0.069237457
PAK,2008,1054.172523
PAN,2008,39945.21458
PER,2008,126614.3919
PHL,2008,38702.70455
PLW,2008,64.54485365
PNG,2008,71045.21117
POL,2008,47941.06022
PRI,2008,1215.505162
PRK,2008,18782.93788
PRT,2008,33614.95662
PRY,2008,376342.8295
PSE,2008,2.546264557
REU,2008,15.10035628
ROU,2008,17535.36404
RUS,2008,3047988.248
RWA,2008,1100.630595
SDN,2008,55.47708851
SEN,2008,285.2699202
SGP,2008,35.45650921
SLB,2008,8171.095974
SLE,2008,20924.70928
SLV,2008,3324.58699
SMR,2008,0.39037321
SOM,2008,250.2050474
SRB,2008,3260.221615
SSD,2008,9009.289343
SUR,2008,7510.653751
SVK,2008,13466.11381
SVN,2008,1856.87272
SWE,2008,293724.0636
SWZ,2008,4582.258952
SXM,2008,1.611253979
SYR,2008,834.1577424
TCA,2008,61.23841442
TCD,2008,3402.111485
TGO,2008,1177.750818
THA,2008,80143.31798
TJK,2008,33.11413628
TKM,2008,74.74021833
TLS,2008,832.729144
TTO,2008,1269.898145
TUN,2008,718.2819675
TUR,2008,28891.37388
TWN,2008,2311.267564
TZA,2008,164250.7329
UGA,2008,36925.97898
UKR,2008,53015.86334
URY,2008,23597.19782
USA,2008,2213723.539
UZB,2008,43.5204279
VCT,2008,41.89964469
VEN,2008,120575.1616
VGB,2008,7.015289458
VIR,2008,40.01919435
VNM,2008,108285.7567
VUT,2008,194.0588848
XAD,2008,1.396773642
XCA,2008,16.26816692
XKO,2008,1143.161794
XNC,2008,20.18396634
ZAF,2008,81375.56537
ZMB,2008,66180.22112
ZWE,2008,5435.130869
ABW,2009,0.375797838
AFG,2009,70.40549692
AGO,2009,165947.6504
AIA,2009,1.90246758
ALA,2009,675.746188
ALB,2009,1337.340292
AND,2009,2.853299605
ARG,2009,309857.9992
ARM,2009,202.7335175
ATG,2009,61.53009482
AUS,2009,203711.0919
AUT,2009,15887.11456
AZE,2009,371.8340475
BDI,2009,882.7760185
BEL,2009,5176.362959
BEN,2009,4929.158829
BES,2009,0.956144352
BFA,2009,4.531714429
BGD,2009,5624.91051
BGR,2009,6099.640914
BHS,2009,823.9719624
BIH,2009,1296.334775
BLR,2009,35542.67515
BLZ,2009,10264.12716
BMU,2009,0.457064113
BOL,2009,225270.2916
BRA,2009,1817901.233
BRB,2009,13.26493628
BRN,2009,2169.473926
BTN,2009,1175.459352
BWA,2009,41.32463148
CAF,2009,48252.90322
CAN,2009,1550371.987
CHE,2009,2274.492164
CHL,2009,88566.57692
CHN,2009,599603.2269
CIV,2009,108875.8152
CMR,2009,36072.01191
COD,2009,635215.1916
COG,2009,19073.00668
COL,2009,237890.8827
COM,2009,112.2063287
CPV,2009,7.957187264
CRI,2009,22464.55477
CUB,2009,16259.9006
CUW,2009,4.664949847
CYM,2009,29.88331568
CYP,2009,56.43821077
CZE,2009,13514.29448
DEU,2009,28761.54305
DMA,2009,73.78040032
DNK,2009,6645.67895
DOM,2009,13966.84286
DZA,2009,10467.27357
ECU,2009,57646.3496
EGY,2009,59.56834375
ESP,2009,67544.77998
EST,2009,18822.74067
ETH,2009,29279.02031
FIN,2009,176320.2607
FJI,2009,1790.739824
FRA,2009,67053.59918
GAB,2009,18252.22194
GBR,2009,37709.69901
GEO,2009,448.3663809
GGY,2009,0.80613844
GHA,2009,38252.52539
GIN,2009,23388.00517
GLP,2009,118.3236839
GMB,2009,8.991778087
GNB,2009,7963.973504
GNQ,2009,5684.844643
GRC,2009,6564.26725
GRD,2009,93.76963414
GTM,2009,86944.43168
GUF,2009,2861.953997
GUY,2009,8267.026506
HKG,2009,50.10995732
HND,2009,51514.12911
HRV,2009,2902.639756
HTI,2009,2464.671315
HUN,2009,10072.46724
IDN,2009,1944963.172
IMN,2009,47.11863735
IND,2009,79202.84904
IRL,2009,7230.723851
IRN,2009,191.2876192
IRQ,2009,15.79663199
ISR,2009,93.0957598
ITA,2009,14792.7007
JAM,2009,3538.281777
JEY,2009,1.265435702
JPN,2009,40894.99086
KAZ,2009,6432.647498
KEN,2009,17696.12609
KGZ,2009,201.2159922
KHM,2009,121021.3658
KNA,2009,33.76806495
KOR,2009,16415.8599
LAO,2009,145564.2093
LBN,2009,340.4467987
LBR,2009,75135.89504
LBY,2009,5.523105195
LCA,2009,54.9228842
LIE,2009,4.687999058
LKA,2009,13974.77009
LSO,2009,4.287702217
LTU,2009,14407.62948
LUX,2009,216.4001089
LVA,2009,34916.22387
MAC,2009,2.284762831
MAF,2009,0.659094748
MAR,2009,1197.397587
MDA,2009,187.7122692
MDG,2009,136536.7714
MDV,2009,5.125170641
MEX,2009,281232.4493
MKD,2009,4300.738317
MLI,2009,157.6952096
MLT,2009,1.564504503
MMR,2009,216305.7758
MNE,2009,565.1699342
MNG,2009,81792.55041
MOZ,2009,217493.3896
MSR,2009,4.867550672
MTQ,2009,199.2454057
MUS,2009,241.8571806
MWI,2009,4030.387954
MYS,2009,622780.3721
MYT,2009,5.704664285
NAM,2009,85.37597753
NCL,2009,975.7904923
NGA,2009,25289.81782
NIC,2009,83097.23566
NLD,2009,1559.085973
NOR,2009,23316.51938
NPL,2009,5524.069591
NZL,2009,59613.13351
PAK,2009,920.7646923
PAN,2009,36946.83689
PER,2009,177914.326
PHL,2009,60889.62031
PLW,2009,30.21298275
PNG,2009,49210.43941
POL,2009,46925.78427
PRI,2009,952.6811919
PRK,2009,13113.70031
PRT,2009,39859.83057
PRY,2009,353183.6793
PSE,2009,1.244830224
REU,2009,187.1870171
ROU,2009,16176.93283
RUS,2009,2111640.886
RWA,2009,1381.965457
SAU,2009,0
SDN,2009,81.32070754
SEN,2009,160.8732679
SGP,2009,177.0473151
SLB,2009,6034.538307
SLE,2009,30546.33283
SLV,2009,4283.706821
SMR,2009,0.11155957
SOM,2009,307.1147457
SRB,2009,2506.968521
SSD,2009,8057.779471
SUR,2009,7362.475244
SVK,2009,11236.96289
SVN,2009,1951.304237
SWE,2009,208257.9325
SWZ,2009,10654.20484
SXM,2009,2.929710438
SYC,2009,0.151819992
SYR,2009,130.9067774
TCA,2009,105.5949212
TCD,2009,1065.523055
TGO,2009,5579.997542
THA,2009,132690.267
TJK,2009,34.04102614
TKM,2009,12.98584265
TLS,2009,2633.964071
TTO,2009,1377.155902
TUN,2009,981.7533323
TUR,2009,28108.25361
TWN,2009,8161.887539
TZA,2009,143354.4568
UGA,2009,23293.00075
UKR,2009,48322.46427
UMI,2009,0.073094672
URY,2009,19279.78332
USA,2009,1608980.963
UZB,2009,96.40260709
VCT,2009,29.89848461
VEN,2009,142405.7706
VGB,2009,5.188663247
VIR,2009,86.32896581
VNM,2009,137716.233
VUT,2009,1096.266946
XAD,2009,2.986785605
XCA,2009,7.276171761
XKO,2009,777.0112119
XNC,2009,21.1310787
ZAF,2009,67278.37208
ZMB,2009,117826.6622
ZWE,2009,19401.97113
AFG,2010,87.72845281
AGO,2010,159806.0913
AIA,2010,0.439017861
ALA,2010,633.7402828
ALB,2010,655.7933438
AND,2010,1.083722139
ARG,2010,413230.8224
ARM,2010,162.1726243
ATF,2010,6.334069089
ATG,2010,19.13647801
AUS,2010,290725.4987
AUT,2010,16712.86378
AZE,2010,549.6000884
BDI,2010,1904.664687
BEL,2010,10909.02127
BEN,2010,529.2388362
BES,2010,2.422487293
BFA,2010,6.957261039
BGD,2010,4667.802143
BGR,2010,3569.08976
BHS,2010,400.6439928
BIH,2010,910.6377057
BLM,2010,0.293202837
BLR,2010,35754.09729
BLZ,2010,9765.90981
BMU,2010,0.914107481
BOL,2010,451759.1743
BRA,2010,2688896.176
BRB,2010,17.46198449
BRN,2010,966.9865201
BTN,2010,4353.621654
BWA,2010,30.49984232
CAF,2010,48554.30071
CAN,2010,2104876.435
CHE,2010,1737.945462
CHL,2010,91495.54346
CHN,2010,627825.8802
CIV,2010,92491.85757
CMR,2010,57991.86698
COD,2010,810712.3887
COG,2010,44665.2334
COL,2010,197067.4213
COM,2010,92.29998246
CPV,2010,0.892166426
CRI,2010,13145.26709
CUB,2010,8608.089255
CUW,2010,1.729851275
CYM,2010,39.79336772
CYP,2010,63.95480702
CZE,2010,15441.63525
DEU,2010,75677.99611
DMA,2010,92.12036731
DNK,2010,4427.723897
DOM,2010,14102.67579
DZA,2010,2605.623817
ECU,2010,33772.34545
EGY,2010,98.18230588
ESP,2010,56093.42215
EST,2010,21496.37884
ETH,2010,20184.15652
FIN,2010,167507.2792
FJI,2010,2346.764318
FRA,2010,143265.2096
FSM,2010,76.66233752
GAB,2010,10674.18386
GBR,2010,28469.2259
GEO,2010,818.5918274
GGY,2010,0.151174032
GHA,2010,19500.00367
GIN,2010,16045.58987
GLP,2010,127.3858969
GMB,2010,23.82726274
GNB,2010,4900.406656
GNQ,2010,6592.942459
GRC,2010,7785.29902
GRD,2010,159.5560714
GTM,2010,59668.37394
GUF,2010,3205.635088
GUY,2010,10098.88591
HKG,2010,12.89914447
HND,2010,46085.25513
HRV,2010,3499.248261
HTI,2010,2084.361177
HUN,2010,11255.48786
IDN,2010,1279331.975
IMN,2010,49.95639642
IND,2010,51317.10632
IRL,2010,3854.678751
IRN,2010,195.7900676
IRQ,2010,13.41544112
ISR,2010,89.07957605
ITA,2010,15806.37682
JAM,2010,2364.948067
JEY,2010,7.340422355
JOR,2010,0.065306392
JPN,2010,35745.32473
KAZ,2010,3108.915856
KEN,2010,22693.01006
KGZ,2010,260.9738158
KHM,2010,237881.9133
KNA,2010,18.53841191
KOR,2010,14425.15152
LAO,2010,167107.9998
LBN,2010,115.1806402
LBR,2010,20357.66583
LBY,2010,9.414285433
LCA,2010,99.84201268
LIE,2010,2.791921383
LKA,2010,7230.756199
LSO,2010,3.77271354
LTU,2010,21666.89043
LUX,2010,880.4352557
LVA,2010,48507.10998
MAC,2010,0.571166889
MAF,2010,0.512617015
MAR,2010,988.077067
MDA,2010,176.751139
MDG,2010,107218.8916
MDV,2010,3.135726146
MEX,2010,166728.9135
MKD,2010,2223.215056
MLI,2010,53.89056149
MLT,2010,0.626002233
MMR,2010,169913.2752
MNE,2010,210.939334
MNG,2010,8764.403873
MOZ,2010,194545.3857
MSR,2010,109.302041
MTQ,2010,75.36671357
MUS,2010,23.26746884
MWI,2010,3981.955543
MYS,2010,430607.479
MYT,2010,31.90512951
NAM,2010,26.96556648
NCL,2010,550.4216422
NGA,2010,32782.06424
NIC,2010,212519.5892
NLD,2010,3403.342056
NOR,2010,40128.9106
NPL,2010,2347.698601
NZL,2010,56121.87428
PAK,2010,720.2208582
PAN,2010,15402.50593
PER,2010,142324.1422
PHL,2010,102649.4323
PLW,2010,32.72961264
PNG,2010,68761.27147
POL,2010,71835.17455
PRI,2010,595.2798262
PRK,2010,19020.61973
PRT,2010,48401.15284
PRY,2010,442300.4144
PSE,2010,1.310659812
REU,2010,223.3669453
ROU,2010,17781.76487
RUS,2010,1859545.073
RWA,2010,2449.768497
SDN,2010,41.83875765
SEN,2010,153.8253932
SGP,2010,43.99259687
SLB,2010,6418.017872
SLE,2010,8782.214514
SLV,2010,2873.017717
SOM,2010,139.6464292
SRB,2010,2461.868685
SSD,2010,3879.410411
SUR,2010,7000.397415
SVK,2010,17103.91757
SVN,2010,1433.951353
SWE,2010,263646.4209
SWZ,2010,6660.339483
SXM,2010,0.219730671
SYR,2010,240.5329666
TCA,2010,38.4186888
TCD,2010,254.6524739
TGO,2010,514.1051344
THA,2010,134984.3093
TJK,2010,10.85788965
TKM,2010,8.873221636
TLS,2010,649.0107169
TTO,2010,3406.833391
TUN,2010,398.0397192
TUR,2010,17007.96514
TWN,2010,2459.821989
TZA,2010,138486.4105
UGA,2010,34149.41893
UKR,2010,52441.05515
URY,2010,17826.26894
USA,2010,2167662.188
UZB,2010,31.92424279
VCT,2010,65.79194187
VEN,2010,101285.5821
VGB,2010,3.946225116
VIR,2010,21.34495411
VNM,2010,174256.1939
VUT,2010,307.6289117
XAD,2010,0.127113335
XCA,2010,21.92282945
XKO,2010,468.2772286
XNC,2010,9.773423312
ZAF,2010,61758.75127
ZMB,2010,173983.6323
ZWE,2010,6635.29841
AFG,2011,112.9550622
AGO,2011,182927.9155
AIA,2011,1.024562784
ALA,2011,465.8224431
ALB,2011,1188.248196
AND,2011,0.913257606
ARG,2011,499187.1777
ARM,2011,173.9885745
ATG,2011,25.83647597
AUS,2011,121315.7073
AUT,2011,18089.76136
AZE,2011,147.4556886
BDI,2011,960.5865305
BEL,2011,5016.268619
BEN,2011,654.6675256
BES,2011,8.809001751
BFA,2011,15.31876527
BGD,2011,4181.292614
BGR,2011,3331.690642
BHS,2011,624.7938525
BIH,2011,970.6150882
BLR,2011,45367.01353
BLZ,2011,26386.27978
BMU,2011,0.130451297
BOL,2011,330239.2107
BRA,2011,1923363.695
BRB,2011,18.13697373
BRN,2011,2620.363235
BTN,2011,1090.993589
BWA,2011,21.43335793
CAF,2011,49140.1549
CAN,2011,2160700.601
CHE,2011,1939.854318
CHL,2011,99349.74402
CHN,2011,598586.6214
CIV,2011,124683.4927
CMR,2011,27651.74511
COD,2011,429540.0787
COG,2011,28374.34432
COL,2011,189829.019
COM,2011,122.6120992
CPV,2011,16.40944346
CRI,2011,10495.8143
CUB,2011,16312.75171
CUW,2011,1.354661964
CYM,2011,39.77471242
CYP,2011,118.5263928
CZE,2011,21853.28487
DEU,2011,34271.55205
DMA,2011,44.46318315
DNK,2011,3132.382287
DOM,2011,12960.42198
DZA,2011,8344.084462
ECU,2011,43630.40737
EGY,2011,102.6233366
ESP,2011,39325.56851
EST,2011,27199.28505
ETH,2011,15462.73448
FIN,2011,159354.7009
FJI,2011,552.8023927
FRA,2011,64074.31686
GAB,2011,18160.65516
GBR,2011,22656.55517
GEO,2011,539.7143638
GGY,2011,0.504209012
GHA,2011,36242.63011
GIN,2011,27637.96099
GLP,2011,73.90693009
GMB,2011,30.422627
GNB,2011,4283.911161
GNQ,2011,7706.364529
GRC,2011,6198.616502
GRD,2011,40.18600682
GTM,2011,40586.90124
GUF,2011,2708.796845
GUY,2011,8362.988172
HKG,2011,15.46864002
HND,2011,52571.55293
HRV,2011,2918.689848
HTI,2011,2564.210033
HUN,2011,8225.275769
IDN,2011,1543628.923
IMN,2011,12.03946139
IND,2011,88460.35915
IRL,2011,3108.828269
IRN,2011,238.9121501
IRQ,2011,3.290135532
ISR,2011,1065.392352
ITA,2011,11450.62657
JAM,2011,2385.22242
JEY,2011,3.188722276
JPN,2011,35955.32689
KAZ,2011,4852.338243
KEN,2011,17299.75727
KGZ,2011,111.9822805
KHM,2011,192154.6655
KNA,2011,12.35880576
KOR,2011,11709.67902
LAO,2011,130932.9584
LBN,2011,139.409047
LBR,2011,34444.33602
LBY,2011,9.487611197
LCA,2011,61.57842812
LIE,2011,1.84293668
LKA,2011,14736.92208
LSO,2011,3.354078545
LTU,2011,21735.15551
LUX,2011,447.8086715
LVA,2011,44737.56113
MAC,2011,0.713975236
MAF,2011,9.520155042
MAR,2011,3392.461738
MDA,2011,186.8124952
MDG,2011,162323.482
MDV,2011,10.56215889
MEX,2011,186771.2996
MKD,2011,2156.632677
MLI,2011,165.7856628
MLT,2011,1.438825873
MMR,2011,135716.3642
MNE,2011,494.3156
MNG,2011,3550.509212
MOZ,2011,150242.3884
MSR,2011,6.34311255
MTQ,2011,152.9927397
MUS,2011,487.3194964
MWI,2011,8216.209944
MYS,2011,463078.372
MYT,2011,2.327297514
NAM,2011,70.90416643
NCL,2011,709.1568659
NGA,2011,53891.48864
NIC,2011,43289.75705
NLD,2011,1155.291881
NOR,2011,32768.91954
NPL,2011,2816.45997
NZL,2011,59943.05383
PAK,2011,463.384443
PAN,2011,23104.0935
PER,2011,125265.0905
PHL,2011,33252.86178
PLW,2011,30.59188478
PNG,2011,53046.45901
POL,2011,56650.18083
PRI,2011,1227.7625
PRK,2011,5431.467607
PRT,2011,26672.76359
PRY,2011,457195.7334
PSE,2011,0.261357318
REU,2011,562.4162711
ROU,2011,16927.42175
RUS,2011,3021487.904
RWA,2011,925.9345725
SDN,2011,205.2396583
SEN,2011,116.8420487
SGP,2011,73.9111539
SLB,2011,5860.705993
SLE,2011,33929.46108
SLV,2011,3242.219007
SOM,2011,184.5080426
SPM,2011,0.053029116
SRB,2011,2210.161611
SSD,2011,9011.574753
SUR,2011,5696.75455
SVK,2011,11543.84555
SVN,2011,1436.134584
SWE,2011,205321.3007
SWZ,2011,2621.924535
SXM,2011,2.563523423
SYR,2011,155.8983513
TCA,2011,14.59910543
TCD,2011,920.0001788
TGO,2011,1255.77898
THA,2011,94544.69378
TJK,2011,20.20170652
TKM,2011,16.51523348
TLS,2011,1463.476667
TTO,2011,374.7194797
TUN,2011,2203.890028
TUR,2011,23887.92723
TWN,2011,1461.486996
TZA,2011,137805.3347
UGA,2011,65067.31794
UKR,2011,60355.87402
UMI,2011,0.146197626
URY,2011,28001.41284
USA,2011,1663692.304
UZB,2011,33.41626008
VCT,2011,30.42107748
VEN,2011,74441.21989
VGB,2011,15.3467351
VIR,2011,49.91760351
VNM,2011,130786.4074
VUT,2011,607.1044173
XAD,2011,1.080833818
XCA,2011,208.1169333
XKO,2011,802.0038879
XNC,2011,14.06764725
ZAF,2011,69616.79324
ZMB,2011,60076.41865
ZWE,2011,9039.172703
ABW,2012,0.150324923
AFG,2012,39.30761566
AGO,2012,180754.8207
AIA,2012,1.902614159
ALA,2012,654.7286496
ALB,2012,5395.648853
AND,2012,7.697719637
ARE,2012,0
ARG,2012,478177.9106
ARM,2012,197.6781764
ATG,2012,33.34539067
AUS,2012,139802.7577
AUT,2012,11158.42923
AZE,2012,597.6319687
BDI,2012,871.1629204
BEL,2012,5635.167607
BEN,2012,2865.411755
BES,2012,3.222078491
BFA,2012,0.377733864
BGD,2012,5359.457806
BGR,2012,9977.505725
BHS,2012,370.5939726
BIH,2012,2433.756924
BLM,2012,0.146613308
BLR,2012,39591.09205
BLZ,2012,11527.9676
BMU,2012,0.587705303
BOL,2012,273544.0107
BRA,2012,2918633.141
BRB,2012,116.543738
BRN,2012,1836.782867
BTN,2012,766.2123954
BWA,2012,15.78723676
CAF,2012,57313.88907
CAN,2012,2545494.224
CHE,2012,1518.064677
CHL,2012,174809.5119
CHN,2012,605004.4187
CIV,2012,96128.73772
CMR,2012,51267.60247
COD,2012,630999.5512
COG,2012,32143.61737
COL,2012,227707.0451
COM,2012,127.2928518
CPV,2012,8.993036956
CRI,2012,10367.07175
CUB,2012,10344.97799
CUW,2012,7.375498632
CYM,2012,9.227671763
CYP,2012,54.30803394
CZE,2012,14006.25281
DEU,2012,26007.35395
DMA,2012,144.7238357
DNK,2012,4451.952353
DOM,2012,17905.56949
DZA,2012,10912.73321
ECU,2012,74205.9655
EGY,2012,438.8534281
ERI,2012,0
ESP,2012,80495.82971
EST,2012,17685.11136
ETH,2012,41631.93539
FIN,2012,160310.4867
FJI,2012,1219.766551
FRA,2012,67302.61843
GAB,2012,17476.08258
GBR,2012,35668.66625
GEO,2012,472.998932
GGY,2012,0.604688794
GHA,2012,36625.86842
GIB,2012,0.06241793
GIN,2012,24485.56832
GLP,2012,294.8224137
GMB,2012,40.69027207
GNB,2012,3511.449476
GNQ,2012,4952.740973
GRC,2012,13242.08454
GRD,2012,39.73595788
GTM,2012,84044.44088
GUF,2012,9772.714858
GUY,2012,13111.82809
HKG,2012,14.18819789
HND,2012,32305.4952
HRV,2012,5004.428537
HTI,2012,4272.746835
HUN,2012,11921.85827
IDN,2012,2260260.505
IMN,2012,31.30303871
IND,2012,95068.55768
IRL,2012,5825.902588
IRN,2012,407.3912739
IRQ,2012,9.132024872
ISR,2012,49.2301897
ITA,2012,21489.45266
JAM,2012,2603.685793
JEY,2012,6.681639585
JOR,2012,0.130553283
JPN,2012,45672.06361
KAZ,2012,3741.514268
KEN,2012,17899.1367
KGZ,2012,84.65660716
KHM,2012,195568.9571
KNA,2012,10.74117124
KOR,2012,15941.07564
LAO,2012,147537.1235
LBN,2012,170.0053752
LBR,2012,72113.9399
LBY,2012,4.934646581
LCA,2012,67.10805567
LIE,2012,3.845795911
LKA,2012,14427.63469
LSO,2012,3.300161473
LTU,2012,17602.90056
LUX,2012,444.2894553
LVA,2012,34285.45823
MAC,2012,0.713987334
MAF,2012,3.441782252
MAR,2012,1689.890171
MDA,2012,1771.532315
MDG,2012,128468.1628
MDV,2012,2.450743201
MEX,2012,174753.0638
MKD,2012,2938.742773
MLI,2012,78.92125095
MLT,2012,0.313001362
MMR,2012,225188.7123
MNE,2012,1258.602535
MNG,2012,34640.34114
MOZ,2012,139946.215
MRT,2012,0
MSR,2012,2.212332165
MTQ,2012,308.425064
MUS,2012,152.4702056
MWI,2012,12173.04707
MYS,2012,628171.0443
MYT,2012,131.0511807
NAM,2012,25.83249602
NCL,2012,838.327987
NER,2012,0.074763426
NGA,2012,34970.91984
NIC,2012,33723.43777
NLD,2012,946.7570022
NOR,2012,29947.08816
NPL,2012,5045.045215
NZL,2012,69498.51588
PAK,2012,238.8369402
PAN,2012,17044.26955
PER,2012,275458.1339
PHL,2012,59586.54123
PLW,2012,28.0016373
PNG,2012,73333.39483
POL,2012,54896.168
PRI,2012,653.7553944
PRK,2012,16681.67861
PRT,2012,58236.13518
PRY,2012,510219.7905
PSE,2012,0.457779037
REU,2012,852.3251348
ROU,2012,30649.65247
RUS,2012,5391244.136
RWA,2012,1090.451742
SDN,2012,13.20474979
SEN,2012,84.50333118
SGP,2012,92.13825499
SLB,2012,8806.574989
SLE,2012,16356.21566
SLV,2012,2535.746181
SMR,2012,0.445934994
SOM,2012,194.9006652
SRB,2012,3478.064729
SSD,2012,6707.216401
SUR,2012,19502.01938
SVK,2012,9169.581603
SVN,2012,906.4816779
SWE,2012,234882.5805
SWZ,2012,3527.100068
SXM,2012,0.292980249
SYC,2012,0.607397483
SYR,2012,5370.641728
TCA,2012,7.656472902
TCD,2012,2491.109581
TGO,2012,1746.867736
THA,2012,114508.1207
TJK,2012,26.04127895
TKM,2012,8.986908646
TLS,2012,1887.382437
TTO,2012,713.5393981
TUN,2012,1414.717212
TUR,2012,28467.08505
TWN,2012,1460.098601
TZA,2012,154433.3549
UGA,2012,29141.30559
UKR,2012,55521.11186
UMI,2012,10.45293944
URY,2012,31387.53032
USA,2012,1964094.349
UZB,2012,55.37620508
VCT,2012,24.65449283
VEN,2012,105963.3435
VGB,2012,0.877064464
VIR,2012,26.62460834
VNM,2012,181241.5276
VUT,2012,198.1865256
XAD,2012,1.779786943
XCA,2012,22.72554435
XKO,2012,1738.521937
XNC,2012,5.735552824
ZAF,2012,84896.58286
ZMB,2012,129518.8767
ZWE,2012,13802.68934
AFG,2013,1.451841225
AGO,2013,168841.2542
AIA,2013,1.317167961
ALA,2013,509.692408
ALB,2013,2570.310922
AND,2013,3.364186641
ARG,2013,376776.5933
ARM,2013,41.84126219
ATG,2013,21.34523198
AUS,2013,260094.1396
AUT,2013,7645.341813
AZE,2013,149.0759937
BDI,2013,1405.646047
BEL,2013,3314.949506
BEN,2013,1312.903123
BES,2013,4.360236983
BFA,2013,0.226484287
BGD,2013,6021.926532
BGR,2013,3692.76314
BHS,2013,1572.70768
BIH,2013,2574.006261
BLM,2013,0.366513876
BLR,2013,28084.69737
BLZ,2013,16372.71043
BMU,2013,1.436534731
BOL,2013,179822.511
BRA,2013,1945506.253
BRB,2013,5.32159267
BRN,2013,888.3253656
BTN,2013,485.3524158
BWA,2013,14.12186352
CAF,2013,44182.45789
CAN,2013,2807337.592
CHE,2013,793.6246757
CHL,2013,102242.7719
CHN,2013,441325.8717
CIV,2013,175758.6684
CMR,2013,84612.41503
COD,2013,920604.2215
COG,2013,54641.41571
COL,2013,138898.116
COM,2013,1729.726219
CPV,2013,9.770838933
CRI,2013,7785.587052
CUB,2013,6071.558631
CUW,2013,6.245018541
CYM,2013,18.10549302
CYP,2013,13.50459562
CZE,2013,7658.876842
DEU,2013,15499.36852
DMA,2013,22.11861063
DNK,2013,2015.366626
DOM,2013,12703.0672
DZA,2013,6926.52927
ECU,2013,48383.14823
EGY,2013,96.99929436
ERI,2013,0
ESP,2013,63955.87066
EST,2013,17088.50051
ETH,2013,30851.23115
FIN,2013,148660.8608
FJI,2013,2699.407313
FRA,2013,30351.83693
GAB,2013,44448.92835
GBR,2013,28596.14521
GEO,2013,252.2500837
GGY,2013,0.10073643
GHA,2013,81228.45883
GIN,2013,146183.8843
GLP,2013,169.9387636
GMB,2013,12.2167423
GNB,2013,20704.22719
GNQ,2013,7289.62996
GRC,2013,5906.555994
GRD,2013,25.35640135
GTM,2013,55148.92227
GUF,2013,2967.797192
GUY,2013,7117.305616
HKG,2013,5.274325695
HND,2013,43631.84328
HRV,2013,2997.752683
HTI,2013,3181.211373
HUN,2013,8951.928668
IDN,2013,1139298.669
IMN,2013,16.83232751
IND,2013,80865.7359
IRL,2013,4772.826758
IRN,2013,72.2309315
IRQ,2013,2.531902043
ISR,2013,45.73070819
ITA,2013,15524.72353
JAM,2013,1327.66903
JEY,2013,0.50645093
JPN,2013,23234.07848
KAZ,2013,2863.638875
KEN,2013,13563.7662
KGZ,2013,26.81397913
KHM,2013,190096.3984
KNA,2013,5.147649727
KOR,2013,9469.912938
LAO,2013,205606.5378
LBN,2013,160.0173957
LBR,2013,155535.7698
LBY,2013,81.29858731
LCA,2013,36.09373117
LIE,2013,1.949117049
LKA,2013,7952.996078
LSO,2013,7.338918472
LTU,2013,13922.77664
LUX,2013,347.9872372
LVA,2013,27766.43898
MAC,2013,0.071397997
MAF,2013,1.830770274
MAR,2013,835.8379945
MDA,2013,167.3453442
MDG,2013,299350.3244
MDV,2013,3.975830698
MEX,2013,219047.8266
MKD,2013,1149.017879
MLI,2013,409.7811716
MLT,2013,0.250462234
MMR,2013,248186.4487
MNE,2013,2401.113683
MNG,2013,628.7988744
MOZ,2013,162655.5217
MRT,2013,0
MSR,2013,0.885133267
MTQ,2013,146.3594012
MUS,2013,219.2703833
MWI,2013,10562.32145
MYS,2013,333221.1538
MYT,2013,327.565717
NAM,2013,2.337401904
NCL,2013,2281.634735
NGA,2013,43434.8974
NIC,2013,44038.0597
NLD,2013,514.1770204
NOR,2013,33069.3826
NPL,2013,835.4692511
NZL,2013,77541.50731
PAK,2013,60.01049955
PAN,2013,14041.08696
PER,2013,209306.8716
PHL,2013,58871.1404
PLW,2013,21.29418574
PNG,2013,56667.73029
POL,2013,35014.59256
PRI,2013,701.6415651
PRK,2013,5030.982104
PRT,2013,51884.19607
PRY,2013,318563.8864
PSE,2013,0.394443378
REU,2013,1652.941887
ROU,2013,12946.15584
RUS,2013,4965537.343
RWA,2013,2472.624875
SAU,2013,0
SDN,2013,9.403742597
SEN,2013,374.7376723
SGP,2013,25.9184812
SLB,2013,9471.368441
SLE,2013,170277.6569
SLV,2013,2053.488633
SMR,2013,0.167271871
SOM,2013,315.8421904
SPM,2013,4.506196744
SRB,2013,2798.327755
SSD,2013,4931.464914
SUR,2013,10203.27088
SVK,2013,5076.41744
SVN,2013,638.8880347
SWE,2013,197658.344
SWZ,2013,3126.108744
SXM,2013,2.56347179
SYC,2013,1.214748876
SYR,2013,1270.43285
TCA,2013,10.516318
TCD,2013,2895.247093
TGO,2013,2952.616232
THA,2013,84754.41246
TJK,2013,1.319036256
TKM,2013,0.371512178
TLS,2013,462.9362025
TTO,2013,759.227651
TUN,2013,1300.333442
TUR,2013,22542.95767
TWN,2013,953.1628872
TZA,2013,181510.4286
UGA,2013,47750.03594
UKR,2013,37711.82202
URY,2013,19263.21439
USA,2013,1736445.498
UZB,2013,24.68649925
VCT,2013,13.41511604
VEN,2013,64519.97256
VGB,2013,2.777000663
VIR,2013,27.33988538
VNM,2013,132423.2241
VUT,2013,1111.059618
XAD,2013,1.017217721
XCA,2013,55.38596969
XKO,2013,767.7412497
XNC,2013,16.13823621
ZAF,2013,56368.9985
ZMB,2013,84831.58231
ZWE,2013,9631.632143
AFG,2014,2.719290471
AGO,2014,212662.0767
AIA,2014,0.36583298
ALA,2014,550.0605307
ALB,2014,1051.881716
AND,2014,1.368260456
ARG,2014,241102.8077
ARM,2014,38.12758191
ATG,2014,24.87565216
AUS,2014,281737.5241
AUT,2014,9869.568611
AZE,2014,328.2460228
BDI,2014,2047.240182
BEL,2014,4239.266549
BEN,2014,1358.271982
BES,2014,1.710357331
BFA,2014,0
BGD,2014,12060.76315
BGR,2014,6688.56414
BHS,2014,902.3064921
BIH,2014,1789.544495
BLM,2014,0.219911349
BLR,2014,33626.20475
BLZ,2014,16464.7138
BMU,2014,0.848838596
BOL,2014,256901.3982
BRA,2014,2693134.295
BRB,2014,2.173549317
BRN,2014,2224.705898
BTN,2014,1229.151313
BWA,2014,15.52435011
CAF,2014,57852.20593
CAN,2014,2643608.541
CHE,2014,1503.552658
CHL,2014,119335.1253
CHN,2014,531643.2997
CIV,2014,346792.5692
CMR,2014,181851.0045
COD,2014,1337961.085
COG,2014,72891.1537
COL,2014,202027.8897
COM,2014,1473.862077
CPV,2014,4.078788126
CRI,2014,10934.44721
CUB,2014,5861.468362
CUW,2014,2.333078605
CYM,2014,7.705385204
CYP,2014,33.30200692
CZE,2014,13939.61016
DEU,2014,21169.34321
DMA,2014,12.24495792
DNK,2014,5320.770495
DOM,2014,13678.14008
DZA,2014,9523.348572
ECU,2014,30904.97022
EGY,2014,115.0030751
ERI,2014,0
ESP,2014,74226.43456
EST,2014,23576.65102
ETH,2014,32725.07263
FIN,2014,186628.868
FJI,2014,3689.014622
FRA,2014,44359.06366
GAB,2014,48752.34078
GBR,2014,30371.65767
GEO,2014,113.7410132
GGY,2014,0.100516266
GHA,2014,120298.1171
GIN,2014,132716.1983
GLP,2014,198.1175945
GMB,2014,17.46335996
GNB,2014,12858.55151
GNQ,2014,19211.17652
GRC,2014,3803.211729
GRD,2014,83.83836115
GTM,2014,61831.29024
GUF,2014,4195.617108
GUY,2014,12154.00343
HKG,2014,27.72354734
HND,2014,57481.62251
HRV,2014,4559.431771
HTI,2014,3858.865792
HUN,2014,15139.94788
IDN,2014,1894360.727
IMN,2014,43.02505722
IND,2014,139137.7522
IRL,2014,5717.749944
IRN,2014,77.58861401
IRQ,2014,1.494315228
ISR,2014,122.0848695
ITA,2014,19832.76406
JAM,2014,2837.97719
JEY,2014,0.303873906
JOR,2014,0.847820639
JPN,2014,28175.66667
KAZ,2014,595.715818
KEN,2014,15356.83932
KGZ,2014,13.50969179
KHM,2014,161796.8748
KNA,2014,3.972500661
KOR,2014,13425.75592
LAO,2014,243833.4256
LBN,2014,159.8205698
LBR,2014,164048.5814
LBY,2014,4.413913848
LCA,2014,41.09592468
LIE,2014,2.898631661
LKA,2014,12350.44428
LSO,2014,12.47074465
LTU,2014,15972.31869
LUX,2014,429.5510986
LVA,2014,32203.11955
MAC,2014,1.499461532
MAF,2014,1.24491802
MAR,2014,1682.30795
MDA,2014,363.134004
MDG,2014,416682.183
MDV,2014,3.133582414
MEX,2014,170749.7738
MKD,2014,1815.508841
MLI,2014,270.3377479
MMR,2014,331444.5884
MNE,2014,1437.890897
MNG,2014,522.6742498
MOZ,2014,200500.7027
MSR,2014,0.29503029
MTQ,2014,156.7177623
MUS,2014,531.7519755
MWI,2014,18587.04267
MYS,2014,645779.1168
MYT,2014,1150.41332
NAM,2014,3.88961631
NCL,2014,2050.201348
NGA,2014,68637.35128
NIC,2014,75563.10047
NLD,2014,875.2614925
NOR,2014,39149.00059
NPL,2014,1161.811342
NZL,2014,79409.68409
OMN,2014,0
PAK,2014,38.61457548
PAN,2014,14035.49845
PER,2014,205452.2867
PHL,2014,102456.1878
PLW,2014,93.85025781
PNG,2014,105664.4148
POL,2014,56279.4732
PRI,2014,871.4169512
PRK,2014,10943.07492
PRT,2014,60258.85596
PRY,2014,345746.4966
PSE,2014,1.179943855
REU,2014,675.0557693
ROU,2014,19481.70705
RUS,2014,4489888.985
RWA,2014,2889.358676
SDN,2014,5.617398402
SEN,2014,326.7152047
SGP,2014,191.3519714
SLB,2014,16939.31159
SLE,2014,161512.8078
SLV,2014,2319.726964
SMR,2014,0.167337275
SOM,2014,123.0574567
SPM,2014,0.582634527
SRB,2014,4387.909463
SSD,2014,6750.715411
SUR,2014,14747.66283
SVK,2014,17366.37853
SVN,2014,5388.780866
SWE,2014,242522.777
SWZ,2014,4960.468941
SXM,2014,0.219722043
SYC,2014,2.049832976
SYR,2014,958.2943361
TCA,2014,31.3373065
TCD,2014,3000.665873
TGO,2014,2526.17722
THA,2014,137614.6337
TJK,2014,0.783042989
TKM,2014,0.904084104
TLS,2014,1883.094284
TTO,2014,1569.456459
TUN,2014,2385.060855
TUR,2014,22005.44149
TWN,2014,1054.211488
TZA,2014,198227.5618
UGA,2014,54913.20191
UKR,2014,47187.25529
URY,2014,25643.07887
USA,2014,1736526.807
UZB,2014,83.12890888
VCT,2014,10.79353194
VEN,2014,100975.1076
VGB,2014,0.511468726
VIR,2014,21.47171597
VNM,2014,217341.5294
VUT,2014,634.4245555
XAD,2014,1.207860092
XCA,2014,3.05076223
XKO,2014,760.6256784
XNC,2014,27.60251498
ZAF,2014,69667.22996
ZMB,2014,115220.9496
ZWE,2014,9644.693979
AGO,2015,161718.9696
ALA,2015,567.2330418
ALB,2015,283.5747371
AND,2015,2.167783333
ARG,2015,180233.1055
ARM,2015,1.990115394
ATG,2015,8.907470701
AUS,2015,261575.0042
AUT,2015,7937.704884
AZE,2015,26.74519296
BDI,2015,1458.37852
BEL,2015,3420.273924
BEN,2015,598.3973629
BFA,2015,0
BGD,2015,12603.76175
BGR,2015,7293.179859
BHS,2015,1089.013112
BIH,2015,580.5048923
BLM,2015,0.073304186
BLR,2015,33899.29608
BLZ,2015,12270.85994
BOL,2015,166275.2537
BRA,2015,2222772.418
BRB,2015,1.948700425
BRN,2015,1761.270631
BTN,2015,746.5236082
BWA,2015,0
CAF,2015,27315.83103
CAN,2015,2733439.469
CHE,2015,772.5663228
CHL,2015,106106.6837
CHN,2015,490444.5825
CIV,2015,152432.4521
CMR,2015,78969.88323
COD,2015,928115.6381
COG,2015,47822.97021
COL,2015,140855.7032
COM,2015,429.4617172
CRI,2015,3299.604933
CUB,2015,6725.978202
CUW,2015,0.902911882
CYM,2015,0.072517095
CYP,2015,20.43445921
CZE,2015,8046.992557
DEU,2015,12929.4929
DMA,2015,1.855631711
DNK,2015,2583.230426
DOM,2015,15090.56348
DZA,2015,5706.8457
ECU,2015,30077.59865
EGY,2015,31.6431485
ERI,2015,0
ESP,2015,65413.8692
EST,2015,25420.2959
ETH,2015,10276.47095
FIN,2015,172639.4312
FJI,2015,1838.352679
FRA,2015,37292.53033
GAB,2015,25472.55034
GBR,2015,23996.89602
GEO,2015,42.8506224
GHA,2015,57407.38759
GIN,2015,161820.018
GLP,2015,71.39707073
GMB,2015,10.04047817
GNB,2015,12661.21692
GNQ,2015,7468.600135
GRC,2015,3840.002978
GRD,2015,6.698007765
GTM,2015,54147.3393
GUF,2015,2867.502652
GUY,2015,13084.17904
HKG,2015,23.72139668
HND,2015,50242.48685
HRV,2015,2669.04807
HTI,2015,3087.564796
HUN,2015,10720.01287
IDN,2015,1746470.535
IMN,2015,11.11626567
IND,2015,116308.117
IRL,2015,4484.169138
ISR,2015,51.33272803
ITA,2015,14124.46245
JAM,2015,2903.314883
JEY,2015,0.101362431
JOR,2015,0.391583752
JPN,2015,31145.40276
KAZ,2015,181.1622937
KEN,2015,15615.50086
KHM,2015,132701.1436
KNA,2015,0.956671546
KOR,2015,17340.92648
LAO,2015,285028.8419
LBN,2015,173.6172988
LBR,2015,186009.8987
LBY,2015,0.19478585
LCA,2015,7.175106601
LIE,2015,1.317510179
LKA,2015,7402.862736
LSO,2015,0.934455176
LTU,2015,15794.33939
LUX,2015,327.4653115
LVA,2015,30829.68652
MAC,2015,0.642603881
MAR,2015,951.9919859
MDA,2015,495.7353512
MDG,2015,301788.6583
MEX,2015,197650.8808
MKD,2015,784.3280615
MLI,2015,204.1535159
MMR,2015,293305.1696
MNE,2015,180.9633995
MNG,2015,7145.278874
MOZ,2015,181386.8424
MSR,2015,0.147481392
MTQ,2015,31.572052
MWI,2015,10785.17999
MYS,2015,454345.0341
MYT,2015,18.08987841
NAM,2015,0.220395596
NCL,2015,486.1010029
NGA,2015,40927.54611
NIC,2015,35523.97517
NLD,2015,894.1996832
NOR,2015,36638.88559
NPL,2015,579.3662048
NZL,2015,64003.26988
PAK,2015,2.41608826
PAN,2015,10553.67686
PER,2015,166499.9409
PHL,2015,65895.64634
PNG,2015,180806.5671
POL,2015,42742.66673
PRI,2015,722.2241255
PRK,2015,10852.58417
PRT,2015,46097.02544
PRY,2015,279375.4363
PSE,2015,0.130280411
REU,2015,8.562228997
ROU,2015,10906.34985
RUS,2015,2332111.358
RWA,2015,2216.721228
SDN,2015,8.055737398
SEN,2015,293.4962398
SGP,2015,154.9748025
SLB,2015,14970.04616
SLE,2015,232761.3536
SLV,2015,2388.834197
SMR,2015,0.167272796
SOM,2015,65.91837288
SRB,2015,2815.440175
SSD,2015,2459.852673
SUR,2015,11921.19553
SVK,2015,5282.688761
SVN,2015,1024.527525
SWE,2015,216031.2398
SWZ,2015,3215.781354
SYR,2015,2393.171169
TCA,2015,21.25021906
TCD,2015,2591.368461
TGO,2015,940.2958102
THA,2015,120807.656
TLS,2015,862.9100053
TTO,2015,668.193641
TUN,2015,1880.022717
TUR,2015,27735.28448
TWN,2015,942.6410426
TZA,2015,111961.2955
UGA,2015,54021.49584
UKR,2015,48913.806
URY,2015,17547.92121
USA,2015,2289649.128
VCT,2015,1.723567254
VEN,2015,61435.84378
VIR,2015,0.292475154
VNM,2015,217883.2096
VUT,2015,3476.160228
XAD,2015,5.275077679
XKO,2015,470.7798667
XNC,2015,15.28249083
ZAF,2015,70156.99448
ZMB,2015,87590.81871
ZWE,2015,12261.73876
AGO,2016,229710.4874
ALA,2016,672.6592338
ALB,2016,928.4496223
AND,2016,0.627510829
ARG,2016,230189.4211
ARM,2016,30.04757964
ATG,2016,14.42539974
AUS,2016,430902.9031
AUT,2016,17210.29319
AZE,2016,25.47520987
BDI,2016,1575.87445
BEL,2016,4512.342534
BEN,2016,2015.977818
BFA,2016,0
BGD,2016,21196.22802
BGR,2016,7394.538858
BHS,2016,3136.084655
BIH,2016,2307.979526
BLR,2016,90486.83569
BLZ,2016,20510.70581
BOL,2016,470600.8214
BRA,2016,5378844.035
BRB,2016,14.31625899
BRN,2016,2572.584128
BTN,2016,1962.952323
BWA,2016,0.727647686
CAF,2016,51151.99412
CAN,2016,2084425.675
CHE,2016,1678.990099
CHL,2016,113904.3938
CHN,2016,718689.1052
CIV,2016,221099.8113
CMR,2016,116619.23
COD,2016,1381278.349
COG,2016,114303.4895
COL,2016,290956.3058
COM,2016,124.3647881
CRI,2016,13791.39424
CUB,2016,74052.69806
CUW,2016,2.40785431
CYM,2016,70.06050036
CYP,2016,568.9153941
CZE,2016,22808.49165
DEU,2016,26877.0592
DMA,2016,7.123976756
DNK,2016,4656.34052
DOM,2016,24907.40484
DZA,2016,8011.483779
ECU,2016,44042.95668
EGY,2016,36.72802966
ERI,2016,0
ESP,2016,107562.3649
EST,2016,36334.86698
ETH,2016,19581.64311
FIN,2016,240428.3853
FJI,2016,8372.994077
FRA,2016,60768.46951
GAB,2016,32150.61792
GBR,2016,28808.24699
GEO,2016,523.4219911
GHA,2016,119244.5618
GIN,2016,216012.2655
GLP,2016,70.02423404
GMB,2016,5.170541242
GNB,2016,16120.14553
GNQ,2016,9544.934007
GRC,2016,6034.199903
GRD,2016,59.44976266
GTM,2016,178396.804
GUF,2016,6127.211342
GUY,2016,26512.13671
HKG,2016,43.04229534
HND,2016,188442.8673
HRV,2016,5372.963121
HTI,2016,17267.08006
HUN,2016,14020.675
IDN,2016,2422071.537
IMN,2016,17.57841298
IND,2016,175362.3446
IRL,2016,9388.156921
IRN,2016,2.407965007
IRQ,2016,0.491736271
ISR,2016,64.87129809
ITA,2016,24721.59098
JAM,2016,1991.389667
JPN,2016,54993.73162
KAZ,2016,1288.550612
KEN,2016,19048.30696
KGZ,2016,11.52477709
KHM,2016,182417.9536
KNA,2016,8.388895962
KOR,2016,22537.65417
LAO,2016,388035.2544
LBN,2016,266.2743406
LBR,2016,168585.9701
LBY,2016,0.519489631
LCA,2016,107.1703849
LIE,2016,5.163633093
LKA,2016,17490.12522
LSO,2016,15.3432299
LTU,2016,25531.68712
LUX,2016,520.6800895
LVA,2016,44945.46223
MAR,2016,2041.202567
MDA,2016,833.480387
MDG,2016,383655.625
MEX,2016,274182.5821
MKD,2016,1496.476601
MLI,2016,204.828311
MMR,2016,362552.3886
MNE,2016,1119.526833
MNG,2016,4142.11333
MOZ,2016,250552.8122
MSR,2016,6.268593425
MTQ,2016,26.05926788
MWI,2016,13509.33156
MYS,2016,565249.1818
MYT,2016,83.46931421
NAM,2016,1.320688188
NCL,2016,1323.908593
NER,2016,0
NGA,2016,72189.38697
NIC,2016,142443.7488
NLD,2016,1406.638251
NOR,2016,60081.68603
NPL,2016,998.5134169
NZL,2016,80358.60654
PAN,2016,17316.70324
PER,2016,230961.6289
PHL,2016,129109.7071
PNG,2016,177925.927
POL,2016,86510.33713
PRI,2016,599.274683
PRK,2016,11509.25396
PRT,2016,94646.72429
PRY,2016,319823.3132
PSE,2016,0
REU,2016,7.404617179
ROU,2016,23045.15408
RUS,2016,5051685.723
RWA,2016,2777.671918
SDN,2016,26.67710691
SEN,2016,254.5573539
SGP,2016,154.359628
SLB,2016,17992.75599
SLE,2016,177686.7568
SLV,2016,5743.541114
SOM,2016,86.37904766
SRB,2016,4676.280416
SSD,2016,4067.781885
SUR,2016,16877.59638
SVK,2016,16942.84433
SVN,2016,5394.618919
SWE,2016,310348.3257
SWZ,2016,4801.902607
SXM,2016,0.29296523
SYR,2016,1812.673701
TCA,2016,18.88706691
TCD,2016,3165.963229
TGO,2016,3463.788823
THA,2016,171638.6155
TKM,2016,0.059443912
TLS,2016,1296.46727
TTO,2016,1351.196137
TUN,2016,1454.956106
TUR,2016,25633.04773
TWN,2016,3322.02311
TZA,2016,152854.2293
UGA,2016,67486.04452
UKR,2016,106760.5108
URY,2016,23688.34861
USA,2016,2264066.75
VCT,2016,16.03810072
VEN,2016,207335.8249
VGB,2016,2.850242975
VIR,2016,8.64897168
VNM,2016,353446.0207
VUT,2016,1340.674312
XAD,2016,8.644499366
XKO,2016,912.2313166
XNC,2016,21.97465567
ZAF,2016,73546.06795
ZMB,2016,141637.1995
ZWE,2016,10955.48063
AGO,2017,280456.3211
AIA,2017,1.170810984
ALA,2017,735.1438004
ALB,2017,1689.025033
AND,2017,3.422160395
ARG,2017,233919.6778
ARM,2017,41.74731802
ATG,2017,71.8984098
AUS,2017,236876.4576
AUT,2017,18405.68973
AZE,2017,80.10105221
BDI,2017,1775.192777
BEL,2017,4137.322686
BEN,2017,2238.446401
BFA,2017,0
BGD,2017,28376.54723
BGR,2017,7687.856635
BHS,2017,3703.936227
BIH,2017,1339.314768
BLM,2017,0.073301768
BLR,2017,78767.08866
BLZ,2017,16366.2743
BOL,2017,463194.4714
BRA,2017,4519833.171
BRB,2017,15.81409675
BRN,2017,944.7101789
BTN,2017,1972.244379
BWA,2017,1.157179653
CAF,2017,63910.17759
CAN,2017,2559736.04
CHE,2017,2542.414851
CHL,2017,214837.4809
CHN,2017,644239.3396
CIV,2017,357273.0222
CMR,2017,187281.052
COD,2017,1467956.658
COG,2017,63874.77359
COL,2017,424870.2839
COM,2017,307.943215
CRI,2017,22095.55522
CUB,2017,76813.80059
CUW,2017,0.827410256
CYM,2017,73.62158437
CYP,2017,437.2696528
CZE,2017,26511.92283
DEU,2017,33000.27868
DMA,2017,23291.20987
DNK,2017,4360.353966
DOM,2017,27062.92509
DZA,2017,45978.5551
ECU,2017,71107.7558
EGY,2017,58.43038359
ERI,2017,0
ESP,2017,98458.97696
EST,2017,38856.65723
ETH,2017,35403.50583
FIN,2017,336198.6682
FJI,2017,3091.618999
FRA,2017,69249.04325
GAB,2017,38643.85552
GBR,2017,23041.72585
GEO,2017,207.8981654
GHA,2017,115285.965
GIN,2017,231588.0209
GLP,2017,60.45295036
GMB,2017,8.093337744
GNB,2017,16436.50458
GNQ,2017,11937.94593
GRC,2017,8906.940785
GRD,2017,28.15271755
GTM,2017,79731.60582
GUF,2017,4144.336965
GUY,2017,19433.66403
HKG,2017,91.72549676
HND,2017,113473.7329
HRV,2017,5846.534456
HTI,2017,5498.831192
HUN,2017,14108.81691
IDN,2017,1300719.376
IMN,2017,18.11718344
IND,2017,189420.9659
IRL,2017,6128.753456
IRN,2017,109.9140751
IRQ,2017,0.983445182
ISR,2017,99.54904099
ITA,2017,34095.34985
JAM,2017,2200.054601
JEY,2017,1.468310967
JOR,2017,0.980525455
JPN,2017,47612.4598
KAZ,2017,975.1769846
KEN,2017,22163.38815
KGZ,2017,55.75207341
KHM,2017,118333.2675
KNA,2017,3.678442645
KOR,2017,20758.71222
LAO,2017,349136.6257
LBN,2017,288.2091885
LBR,2017,203292.0351
LBY,2017,10.45294938
LCA,2017,83.5570397
LIE,2017,4.057775238
LKA,2017,13066.09839
LSO,2017,7.805554621
LTU,2017,25803.69264
LUX,2017,412.6665366
LVA,2017,47085.22204
MAC,2017,3.998465319
MAF,2017,4.174208933
MAR,2017,2366.567119
MDA,2017,1092.37954
MDG,2017,510356.8561
MEX,2017,298787.5381
MKD,2017,1144.614197
MLI,2017,331.9850058
MLT,2017,0.125192663
MMR,2017,341844.6955
MNE,2017,1268.97162
MNG,2017,25238.39889
MOZ,2017,359011.1368
MSR,2017,0.147514837
MTQ,2017,115.6933339
MWI,2017,15307.69408
MYS,2017,483416.1086
MYT,2017,44.36385522
NAM,2017,1.833584392
NCL,2017,1159.780569
NGA,2017,171045.4466
NIC,2017,211681.2541
NLD,2017,1333.202916
NOR,2017,57916.60368
NPL,2017,2394.083932
NZL,2017,74883.5155
PAK,2017,190.2467412
PAN,2017,30878.79188
PER,2017,303280.5197
PHL,2017,114280.5978
PNG,2017,117509.2545
POL,2017,96251.7538
PRI,2017,56205.35066
PRK,2017,8522.738368
PRT,2017,173894.8079
PRY,2017,360058.4073
PSE,2017,1.702968781
ROU,2017,19187.03312
RUS,2017,5288940.641
RWA,2017,2728.818306
SDN,2017,74.64733217
SEN,2017,391.7954827
SGP,2017,262.6503472
SLB,2017,19761.3858
SLE,2017,232752.748
SLV,2017,4745.634265
SMR,2017,0.055721525
SOM,2017,304.8967333
SRB,2017,3570.642009
SSD,2017,6856.227015
SUR,2017,18018.47528
SVK,2017,14213.00815
SVN,2017,4891.962533
SWE,2017,331217.2251
SWZ,2017,6376.503672
SXM,2017,4.540947524
SYR,2017,2146.569604
TCA,2017,32.83492385
TCD,2017,6765.138654
TGO,2017,7186.209751
THA,2017,196456.5063
TJK,2017,0.121153872
TKM,2017,0.061047255
TLS,2017,1713.243284
TTO,2017,739.1110298
TUN,2017,8525.836503
TUR,2017,33901.12336
TWN,2017,2584.120536
TZA,2017,194875.8611
UGA,2017,116902.4545
UKR,2017,85860.91492
URY,2017,21859.3474
USA,2017,2311358.03
UZB,2017,1.694133047
VCT,2017,30.79835
VEN,2017,166982.302
VGB,2017,229.3625617
VIR,2017,1126.425149
VNM,2017,286940.2922
VUT,2017,436.0919411
XAD,2017,1.334820453
XCA,2017,6.909046848
XKO,2017,626.36211
XNC,2017,27.65782827
ZAF,2017,94055.92503
ZMB,2017,162681.4736
ZWE,2017,25978.30455
ABW,2018,0.300630886
AFG,2018,25.70584525
AGO,2018,242552.4974
AIA,2018,0.219474815
ALA,2018,619.7066888
ALB,2018,2048.769228
AND,2018,14.88821363
ARG,2018,172958.0946
ARM,2018,5.902521853
ATG,2018,162.814606
AUS,2018,250750.6987
AUT,2018,26310.09294
AZE,2018,75.32863976
BDI,2018,2874.575195
BEL,2018,4630.608123
BEN,2018,1825.970808
BES,2018,0.440779272
BFA,2018,0
BGD,2018,19342.87285
BGR,2018,9753.980071
BHS,2018,913.7490764
BIH,2018,2673.670805
BLR,2018,87446.57021
BLZ,2018,11163.66632
BOL,2018,301855.8181
BRA,2018,2948462.08
BRB,2018,22.63424415
BRN,2018,806.6344308
BTN,2018,1240.06449
BWA,2018,2.624943873
CAF,2018,40912.99304
CAN,2018,2142937.381
CHE,2018,3134.386775
CHL,2018,76897.64
CHN,2018,569452.9736
CIV,2018,324739.8778
CMR,2018,120813.9643
COD,2018,1373807.412
COG,2018,62697.90587
COL,2018,352434.0103
COM,2018,218.1590353
CPV,2018,10.8567903
CRI,2018,12337.85887
CUB,2018,14955.10307
CUW,2018,0.752223887
CYM,2018,42.38853785
CYP,2018,32.45037143
CZE,2018,39206.38918
DEU,2018,52237.22546
DMA,2018,778.5652048
DNK,2018,3161.625253
DOM,2018,13970.42863
DZA,2018,5763.909736
ECU,2018,38709.38273
EGY,2018,62.7381515
ESP,2018,119649.0023
EST,2018,40038.15893
ETH,2018,18894.24322
FIN,2018,269954.7992
FJI,2018,1366.935363
FRA,2018,69201.43579
GAB,2018,26788.05632
GBR,2018,26251.4669
GEO,2018,300.04916
GGY,2018,0.100725244
GHA,2018,151445.5949
GIN,2018,182895.3566
GLP,2018,100.8985828
GMB,2018,6.145941941
GNB,2018,14394.17076
GNQ,2018,7823.437087
GRC,2018,7122.192618
GRD,2018,109.8081576
GTM,2018,71160.90214
GUF,2018,3738.711204
GUY,2018,11760.82238
HKG,2018,156.1794881
HND,2018,76254.10504
HRV,2018,8285.340238
HTI,2018,4131.551805
HUN,2018,13798.78104
IDN,2018,1218732.516
IMN,2018,11.83651862
IND,2018,132232.993
IRL,2018,8380.343071
IRN,2018,67.98958789
ISR,2018,39.65515358
ITA,2018,38843.51052
JAM,2018,2232.636115
JEY,2018,0.050615393
JPN,2018,50506.94951
KAZ,2018,1138.887815
KEN,2018,15908.41524
KGZ,2018,17.37103547
KHM,2018,113205.2283
KNA,2018,4.854615695
KOR,2018,21850.01308
LAO,2018,294666.2512
LBN,2018,255.7411684
LBR,2018,204932.5448
LBY,2018,2.922318866
LCA,2018,33.7801534
LIE,2018,6.535024898
LKA,2018,13160.93808
LSO,2018,7.72213771
LTU,2018,19749.62219
LUX,2018,457.7822997
LVA,2018,46923.47807
MAC,2018,0.856829928
MAR,2018,2078.081118
MDA,2018,861.5862956
MDG,2018,366619.9362
MEX,2018,267150.7211
MKD,2018,1542.931313
MLI,2018,298.7991858
MMR,2018,278708.797
MNE,2018,1652.242791
MNG,2018,9224.6366
MOZ,2018,172397.9818
MRT,2018,0
MSR,2018,9.44280537
MTQ,2018,51.24024817
MWI,2018,15487.12801
MYS,2018,437984.518
MYT,2018,72.5835049
NAM,2018,7.933151081
NCL,2018,3069.441072
NGA,2018,119822.4568
NIC,2018,71374.94319
NLD,2018,1271.228541
NOR,2018,59219.62514
NPL,2018,1672.116611
NZL,2018,79228.40057
PAK,2018,75.56168923
PAN,2018,27960.87249
PER,2018,211726.0289
PHL,2018,70533.57132
PLW,2018,3.891266192
PNG,2018,117935.0274
POL,2018,96845.84624
PRI,2018,1227.879928
PRK,2018,7691.718378
PRT,2018,97436.8978
PRY,2018,258779.6618
PSE,2018,2.027687645
ROU,2018,18974.17755
RUS,2018,5560430.925
RWA,2018,4290.998467
SDN,2018,16.11576282
SEN,2018,300.9440968
SGP,2018,289.0268305
SLB,2018,17825.00856
SLE,2018,188217.4391
SLV,2018,2703.646446
SMR,2018,0.223145016
SOM,2018,43.96594224
SPM,2018,0.212278504
SRB,2018,3966.438141
SSD,2018,2640.938053
SUR,2018,19000.90115
SVK,2018,17698.55092
SVN,2018,8236.427725
SWE,2018,290151.4135
SWZ,2018,1919.918787
SYR,2018,903.4288939
TCA,2018,36.12955169
TCD,2018,6931.783337
TGO,2018,6783.649723
THA,2018,133532.581
TJK,2018,0.180054465
TLS,2018,1243.598911
TTO,2018,947.239562
TUN,2018,902.6703476
TUR,2018,35668.33084
TWN,2018,1901.450375
TZA,2018,171708.2164
UGA,2018,86229.84192
UKR,2018,74423.4317
URY,2018,19527.97031
USA,2018,2092359.472
UZB,2018,0.466104254
VCT,2018,17.01207724
VEN,2018,112107.3177
VGB,2018,6.212367641
VIR,2018,45.3920002
VNM,2018,225154.8913
VUT,2018,1031.350335
XAD,2018,0.826368698
XCA,2018,0.436154591
XKO,2018,593.8940512
XNC,2018,17.554006
ZAF,2018,63666.7538
ZMB,2018,143944.2281
ZWE,2018,6557.176513
AFG,2019,17.11506676
AGO,2019,175098.3702
ALA,2019,2361.289576
ALB,2019,1074.144611
AND,2019,8.039982793
ARG,2019,145444.2708
ARM,2019,0.706427594
ATG,2019,23.41031011
AUS,2019,1661547.603
AUT,2019,33642.4308
AZE,2019,11.94976343
BDI,2019,2386.329928
BEL,2019,5577.118213
BEN,2019,774.9856745
BES,2019,1.542565227
BFA,2019,0
BGD,2019,22078.75979
BGR,2019,4125.248048
BHS,2019,1557.773563
BIH,2019,1232.210397
BLR,2019,75048.52508
BLZ,2019,18372.6361
BOL,2019,852089.8685
BRA,2019,2696748.799
BRB,2019,53.66338849
BRN,2019,1168.534273
BTN,2019,819.5852354
BWA,2019,0.072190667
CAF,2019,49026.38682
CAN,2019,2175715.827
CHE,2019,3518.709266
CHL,2019,78735.4683
CHN,2019,496972.4354
CIV,2019,242171.2792
CMR,2019,121800.9687
COD,2019,1220177.453
COG,2019,73758.07856
COL,2019,268409.8814
COM,2019,280.497285
CPV,2019,0.074335383
CRI,2019,11485.67713
CUB,2019,7463.608391
CUW,2019,2.181803208
CYM,2019,10.7603673
CYP,2019,43.45628982
CZE,2019,73295.19926
DEU,2019,108232.5108
DMA,2019,58.70914487
DNK,2019,9180.333627
DOM,2019,14930.83819
DZA,2019,6291.288202
ECU,2019,35645.82687
EGY,2019,20.90405681
ESP,2019,71021.86483
EST,2019,45916.92433
ETH,2019,25582.39839
FIN,2019,289910.399
FJI,2019,1455.840479
FRA,2019,81304.16864
GAB,2019,28561.01882
GBR,2019,28376.64374
GEO,2019,166.186344
GGY,2019,0.150410563
GHA,2019,88256.57866
GIN,2019,193690.009
GLP,2019,70.26019323
GMB,2019,20.08557126
GNB,2019,15622.80369
GNQ,2019,9526.171885
GRC,2019,7604.301812
GRD,2019,21.06297714
GTM,2019,90198.05534
GUF,2019,3297.925826
GUY,2019,22324.42422
HKG,2019,24.57831574
HND,2019,81416.2314
HRV,2019,5977.626809
HTI,2019,4395.440811
HUN,2019,14397.95479
IDN,2019,1176884.144
IMN,2019,19.70500851
IND,2019,121154.4372
IRL,2019,10370.41353
IRN,2019,144.056465
IRQ,2019,0.062097214
ISR,2019,54.3579229
ITA,2019,59704.92033
JAM,2019,2292.155806
JOR,2019,0.587364468
JPN,2019,51380.58321
KAZ,2019,1281.725584
KEN,2019,15950.24492
KGZ,2019,15.72676643
KHM,2019,143306.852
KNA,2019,8.903363912
KOR,2019,20731.59932
LAO,2019,364709.5483
LBN,2019,389.8077873
LBR,2019,171765.1598
LBY,2019,2.144342642
LCA,2019,21.89532865
LIE,2019,11.54441022
LKA,2019,10306.91388
LSO,2019,10.20990834
LTU,2019,24565.24756
LUX,2019,509.1976551
LVA,2019,57402.97054
MAC,2019,2.713134767
MAF,2019,0.512603687
MAR,2019,1250.017486
MDA,2019,817.2113223
MDG,2019,254242.7373
MEX,2019,327437.7833
MKD,2019,1790.23903
MLI,2019,210.7572368
MMR,2019,309418.1611
MNE,2019,647.0065666
MNG,2019,2815.42297
MOZ,2019,235658.0519
MRT,2019,0
MSR,2019,4.646877653
MTQ,2019,60.54677783
MWI,2019,12134.42215
MYS,2019,395367.2182
MYT,2019,34.90639032
NAM,2019,1.893531252
NCL,2019,811.9701678
NGA,2019,86894.81904
NIC,2019,77848.28348
NLD,2019,2481.328237
NOR,2019,64784.05595
NPL,2019,2087.028996
NZL,2019,71430.70374
PAK,2019,81.24308459
PAN,2019,33993.58828
PER,2019,231257.3813
PHL,2019,64038.61496
PLW,2019,8.698362266
PNG,2019,95134.67482
POL,2019,76720.94129
PRI,2019,695.0211409
PRK,2019,27492.24072
PRT,2019,36885.7725
PRY,2019,314372.6881
PSE,2019,0.262468546
ROU,2019,12265.85886
RUS,2019,3686557.041
RWA,2019,2515.986112
SDN,2019,56.39586824
SEN,2019,277.6400026
SGP,2019,287.8738498
SLB,2019,16550.44465
SLE,2019,175466.6883
SLV,2019,2249.009113
SMR,2019,0.501878942
SOM,2019,374.1389243
SPM,2019,0.318420188
SRB,2019,3962.211903
SSD,2019,3753.592094
SUR,2019,18454.18882
SVK,2019,10330.87194
SVN,2019,3456.212072
SWE,2019,332890.8872
SWZ,2019,4116.906026
SYC,2019,0.835144715
SYR,2019,1176.520275
TCA,2019,17.24336371
TCD,2019,5058.926739
TGO,2019,5230.015877
THA,2019,129794.0317
TJK,2019,0.059565944
TLS,2019,1501.469835
TTO,2019,658.3583421
TUN,2019,572.7730101
TUR,2019,39117.93877
TWN,2019,1426.27424
TZA,2019,142772.9925
UGA,2019,63267.76411
UKR,2019,45143.77582
URY,2019,14519.35392
USA,2019,2109918.283
UZB,2019,17.63890152
VCT,2019,11.61693049
VEN,2019,140807.2202
VGB,2019,0.876992089
VIR,2019,19.58205995
VNM,2019,216779.3961
VUT,2019,251.5703417
XAD,2019,0.699312086
XKO,2019,697.3994543
XNC,2019,12.5637078
ZAF,2019,76139.76107
ZMB,2019,124640.781
ZWE,2019,11553.32951
AFG,2020,36.58230789
AGO,2020,248028.4318
AIA,2020,0.146329856
ALA,2020,673.4887731
ALB,2020,1117.787389
AND,2020,27.49449199
ARG,2020,197379.0249
ARM,2020,18.54296916
ATG,2020,15.23599394
AUS,2020,2356516.288
AUT,2020,25936.51507
AZE,2020,22.77496149
BDI,2020,1856.851775
BEL,2020,5408.631203
BEN,2020,1605.561421
BES,2020,9.697954706
BFA,2020,0
BGD,2020,21475.16881
BGR,2020,4795.099953
BHS,2020,2696.178497
BIH,2020,1842.071175
BLR,2020,68932.12499
BLZ,2020,26511.78449
BOL,2020,429780.2985
BRA,2020,3291391.787
BRB,2020,22.10970874
BRN,2020,1166.427569
BTN,2020,1288.374488
BWA,2020,1.815258092
CAF,2020,55136.67812
CAN,2020,1195271.756
CHE,2020,3927.891163
CHL,2020,70591.90966
CHN,2020,422214.3528
CIV,2020,248501.7226
CMR,2020,202795.6687
COD,2020,1309975.508
COG,2020,64540.10162
COL,2020,324169.4405
COM,2020,265.5116203
CPV,2020,3.269718753
CRI,2020,8260.967071
CUB,2020,12618.45342
CUW,2020,1.9561277
CYM,2020,8.57770746
CYP,2020,33.19479004
CZE,2020,100258.2355
DEU,2020,186939.6372
DMA,2020,65.61122506
DNK,2020,3193.593482
DOM,2020,21441.16113
DZA,2020,13072.6666
ECU,2020,48915.08232
EGY,2020,18.13907617
ESP,2020,101988.1181
EST,2020,36805.36932
ETH,2020,17980.78234
FIN,2020,254472.5924
FJI,2020,2066.832067
FRA,2020,77745.73714
GAB,2020,22022.27397
GBR,2020,22842.4573
GEO,2020,222.153776
GGY,2020,0.100728041
GHA,2020,136599.4771
GIN,2020,178406.6324
GLP,2020,51.92330284
GMB,2020,9.892571436
GNB,2020,17107.80285
GNQ,2020,4870.416282
GRC,2020,5427.3562
GRD,2020,18.43700219
GTM,2020,98556.3277
GUF,2020,4289.376692
GUY,2020,15769.9794
HKG,2020,72.53734313
HND,2020,93648.71909
HRV,2020,6051.886035
HTI,2020,3802.056739
HUN,2020,12013.5662
IDN,2020,961587.9431
IMN,2020,7.129409033
IND,2020,137715.5414
IRL,2020,6206.876041
IRN,2020,20.19200929
ISR,2020,46.46654974
ITA,2020,28246.4863
JAM,2020,2169.745702
JEY,2020,0.151916061
JOR,2020,0.195794836
JPN,2020,48057.78632
KAZ,2020,1853.267679
KEN,2020,19044.83437
KGZ,2020,11.89814012
KHM,2020,143487.8109
KNA,2020,10.14993487
KOR,2020,20123.31973
LAO,2020,357546.6878
LBN,2020,473.0846457
LBR,2020,220121.3662
LBY,2020,0.780901056
LCA,2020,40.73259011
LIE,2020,3.214497264
LKA,2020,11216.44942
LSO,2020,16.0650561
LTU,2020,22970.48387
LUX,2020,654.6687526
LVA,2020,50462.78383
MAC,2020,0.856855295
MAF,2020,1.611100141
MAR,2020,3620.779654
MDA,2020,1413.631173
MDG,2020,241112.0786
MEX,2020,299526.2896
MKD,2020,1856.080115
MLI,2020,148.847412
MMR,2020,310005.3074
MNE,2020,983.183856
MNG,2020,464.6175161
MOZ,2020,232509.0705
MRT,2020,0
MSR,2020,2.21254264
MTQ,2020,65.09517641
MWI,2020,16067.71657
MYS,2020,268721.4917
MYT,2020,166.7884906
NAM,2020,1.460983445
NCL,2020,4065.975496
NGA,2020,99199.51539
NIC,2020,111303.3128
NLD,2020,1921.856834
NOR,2020,68362.91363
NPL,2020,2232.811564
NZL,2020,60924.51433
PAK,2020,69.20160856
PAN,2020,27314.29496
PER,2020,278656.6803
PHL,2020,63727.59706
PLW,2020,16.25437658
PNG,2020,78439.73385
POL,2020,74958.89001
PRI,2020,680.7800017
PRK,2020,14775.53225
PRT,2020,62044.38837
PRY,2020,243379.1479
PSE,2020,0.261384861
ROU,2020,27445.57389
RUS,2020,5442086.35
RWA,2020,3187.317101
SDN,2020,66.80291179
SEN,2020,758.458161
SGP,2020,165.2030036
SLB,2020,14598.97726
SLE,2020,154640.5161
SLV,2020,2208.275242
SOM,2020,154.5187799
SPM,2020,0.742969164
SRB,2020,4987.055852
SSD,2020,2326.226764
SUR,2020,15096.00654
SVK,2020,11947.17887
SVN,2020,3889.417593
SWE,2020,339968.2296
SWZ,2020,2684.091136
SYR,2020,3037.67036
TCA,2020,34.41261375
TCD,2020,3433.489616
TGO,2020,5506.800261
THA,2020,119414.1862
TJK,2020,0.427671354
TLS,2020,1458.868184
TTO,2020,859.9870257
TUN,2020,1062.164916
TUR,2020,45348.5848
TWN,2020,1461.499655
TZA,2020,186212.5317
UGA,2020,73603.22695
UKR,2020,79461.17693
URY,2020,12682.12121
USA,2020,1966716.375
UZB,2020,3.18195055
VCT,2020,7.119596357
VEN,2020,139301.839
VGB,2020,0.07308887
VIR,2020,14.00582781
VNM,2020,207640.5918
VUT,2020,3935.034108
XAD,2020,0.572059322
XCA,2020,0.164427461
XKO,2020,970.7898047
XNC,2020,6.185125571
ZAF,2020,62247.30063
ZMB,2020,163028.4378
ZWE,2020,6224.919002
AFG,2021,26.4824616
AGO,2021,298294.0696
AIA,2021,1.682781696
ALA,2021,1355.404368
ALB,2021,1685.677236
AND,2021,2.224712977
ARG,2021,201881.8411
ARM,2021,4.964722322
ATG,2021,39.15892521
AUS,2021,261043.5535
AUT,2021,16651.64155
AZE,2021,85.22633726
BDI,2021,2272.251753
BEL,2021,9142.899488
BEN,2021,1704.951118
BES,2021,0.225687472
BFA,2021,0
BGD,2021,17587.28023
BGR,2021,6683.899225
BHS,2021,1548.812895
BIH,2021,1018.740783
BLR,2021,63478.9778
BLZ,2021,9289.645588
BOL,2021,558393.1163
BRA,2021,2991909.306
BRB,2021,17.2387927
BRN,2021,953.160658
BTN,2021,1278.575893
BWA,2021,1.424780803
CAF,2021,67180.61472
CAN,2021,2524986.491
CHE,2021,3455.91214
CHL,2021,71610.47119
CHN,2021,536655.7459
CIV,2021,183248.3987
CMR,2021,168797.7997
COD,2021,1247857.47
COG,2021,58192.69138
COL,2021,265167.7357
COM,2021,164.5376841
CRI,2021,7847.994494
CUB,2021,9720.833319
CUW,2021,4.063811762
CYM,2021,10.10522126
CYP,2021,642.8700344
CZE,2021,56292.53564
DEU,2021,202277.8178
DMA,2021,30.35926319
DNK,2021,4795.048928
DOM,2021,14182.19621
DZA,2021,20472.89262
ECU,2021,30273.22097
EGY,2021,17.81208131
ERI,2021,0
ESP,2021,85791.95758
EST,2021,34004.02271
ETH,2021,19751.43828
FIN,2021,266899.1262
FJI,2021,7198.83328
FRA,2021,112886.0348
GAB,2021,18317.62963
GBR,2021,26215.79534
GEO,2021,420.2624458
GGY,2021,0.55413069
GHA,2021,101378.9547
GIN,2021,167376.7459
GLP,2021,67.73279767
GMB,2021,19.0373595
GNB,2021,13684.85412
GNQ,2021,8905.680921
GRC,2021,49038.51921
GRD,2021,15.95471226
GTM,2021,49896.23235
GUF,2021,2205.032998
GUY,2021,9536.996539
HKG,2021,58.3747495
HND,2021,69497.94968
HRV,2021,5264.327176
HTI,2021,2413.744533
HUN,2021,13752.8992
IDN,2021,841391.391
IMN,2021,13.98223792
IND,2021,132747.5857
IRL,2021,8779.724237
IRN,2021,20.99845652
ISR,2021,28.61547411
ITA,2021,28263.99584
JAM,2021,1485.24724
JEY,2021,1.62036094
JPN,2021,48455.78435
KAZ,2021,718.4090624
KEN,2021,7564.226607
KGZ,2021,17.53534597
KHM,2021,144246.3399
KNA,2021,9.416269064
KOR,2021,17343.51161
LAO,2021,317575.3887
LBN,2021,672.6176721
LBR,2021,129838.0108
LBY,2021,0.519608961
LCA,2021,34.60395207
LIE,2021,0.632270561
LKA,2021,13295.78236
LSO,2021,16.91761748
LTU,2021,22633.62647
LUX,2021,1054.579088
LVA,2021,48422.10577
MAF,2021,2.123582321
MAR,2021,1538.462118
MDA,2021,1131.309422
MDG,2021,234879.894
MEX,2021,189079.4191
MKD,2021,2304.283069
MLI,2021,130.3092423
MMR,2021,304151.7459
MNE,2021,507.7594136
MNG,2021,186.6896926
MOZ,2021,278039.3502
MRT,2021,0
MSR,2021,2.507342792
MTQ,2021,43.55235253
MWI,2021,16564.31078
MYS,2021,277553.7327
MYT,2021,63.72506182
NAM,2021,4.372500487
NCL,2021,656.2899234
NER,2021,0
NGA,2021,97193.04939
NIC,2021,91850.90686
NLD,2021,2456.673268
NOR,2021,63937.4326
NPL,2021,2752.510133
NZL,2021,66242.98621
PAK,2021,63.18273148
PAN,2021,24390.43732
PER,2021,225203.9441
PHL,2021,48882.82363
PLW,2021,3.280796891
PNG,2021,76613.32149
POL,2021,77568.08842
PRI,2021,690.9724485
PRK,2021,13742.55346
PRT,2021,37223.92353
PRY,2021,277165.3843
ROU,2021,14699.4411
RUS,2021,6518851.583
RWA,2021,2922.131627
SDN,2021,50.32012087
SEN,2021,176.6263064
SGP,2021,200.9646094
SLB,2021,11999.64431
SLE,2021,113032.5737
SLV,2021,1488.705839
SOM,2021,169.1360008
SRB,2021,4072.238843
SSD,2021,2812.002841
SUR,2021,12262.02727
SVK,2021,6097.650248
SVN,2021,2232.826411
SWE,2021,333156.9565
SWZ,2021,3160.017833
SXM,2021,0.073251816
SYC,2021,0.151835789
SYR,2021,2856.115068
TCA,2021,43.21771064
TCD,2021,5095.147735
TGO,2021,5897.964231
THA,2021,122815.8115
TJK,2021,0
TLS,2021,1430.726611
TTO,2021,315.7758219
TUN,2021,2079.124414
TUR,2021,79284.22953
TWN,2021,1463.193064
TZA,2021,165076.8303
UGA,2021,49244.9907
UKR,2021,66593.03265
URY,2021,16999.25677
USA,2021,2044298.918
UZB,2021,3.505739946
VCT,2021,13.03725397
VEN,2021,64423.75979
VGB,2021,4.092813938
VIR,2021,19.2771757
VNM,2021,193074.0674
VUT,2021,57.74947852
XAD,2021,0.826633569
XCA,2021,0.323958877
XKO,2021,520.1185163
XNC,2021,2.711850674
ZAF,2021,52067.37509
ZMB,2021,201456.6103
ZWE,2021,9054.487215
AFG,2022,5.872542179
AGO,2022,266942.2367
AIA,2022,0.219497196
ALA,2022,1166.354419
ALB,2022,2095.48427
AND,2022,15.22693649
ARG,2022,232223.6629
ARM,2022,8.463071846
ATG,2022,37.31956432
AUS,2022,118987.4349
AUT,2022,19865.06223
AZE,2022,146.1782474
BDI,2022,1609.966873
BEL,2022,4833.589054
BEN,2022,1673.907349
BFA,2022,0
BGD,2022,13798.24828
BGR,2022,4093.212492
BHS,2022,593.1038431
BIH,2022,2053.874205
BLR,2022,64994.77535
BLZ,2022,8171.951706
BOL,2022,595996.4069
BRA,2022,3308930.392
BRB,2022,5.246323744
BRN,2022,919.6638656
BTN,2022,1247.586369
BWA,2022,2.080606772
CAF,2022,51029.56591
CAN,2022,2299843.845
CHE,2022,1974.953454
CHL,2022,67883.10425
CHN,2022,611895.7548
CIV,2022,172455.9827
CMR,2022,147809.5001
COD,2022,1220169.122
COG,2022,59424.13254
COL,2022,265769.2622
COM,2022,164.5718185
CRI,2022,8563.142531
CUB,2022,4889.29979
CUW,2022,5.04185831
CYM,2022,26.24678482
CYP,2022,72.75658529
CZE,2022,34756.36289
DEU,2022,86449.9761
DMA,2022,31.61919702
DNK,2022,3366.07516
DOM,2022,13141.5286
DZA,2022,13442.61364
ECU,2022,52577.07302
EGY,2022,11.94349841
ERI,2022,0
ESP,2022,137821.3779
EST,2022,39215.13044
ETH,2022,19941.37942
FIN,2022,255377.9727
FJI,2022,989.0614893
FRA,2022,58785.38078
GAB,2022,29455.2098
GBR,2022,34168.62369
GEO,2022,290.6667645
GGY,2022,0.352763333
GHA,2022,118632.2789
GIB,2022,0.124852077
GIN,2022,130216.2361
GLP,2022,40.834052
GMB,2022,17.0893948
GNB,2022,9780.321445
GNQ,2022,7760.790798
GRC,2022,9793.82504
GRD,2022,20.77143532
GTM,2022,46396.10582
GUF,2022,3840.111269
GUY,2022,10563.91376
HKG,2022,54.8706521
HND,2022,57342.82976
HRV,2022,7826.319387
HTI,2022,1844.32716
HUN,2022,14805.45816
IDN,2022,885238.4163
IMN,2022,16.97867438
IND,2022,122628.7556
IRL,2022,6759.387953
IRN,2022,94.96577168
ISR,2022,80.11602119
ITA,2022,28680.06418
JAM,2022,1133.415688
JPN,2022,53789.93786
KAZ,2022,3629.095187
KEN,2022,6639.031072
KGZ,2022,31.65620621
KHM,2022,103843.2464
KNA,2022,4.339269276
KOR,2022,25660.18861
LAO,2022,321699.0728
LBN,2022,584.7069545
LBR,2022,152104.3063
LCA,2022,34.30942154
LIE,2022,2.106876925
LKA,2022,8411.632279
LSO,2022,4.095183933
LTU,2022,23738.90577
LUX,2022,320.7391194
LVA,2022,57142.16846
MAC,2022,1.428099772
MAF,2022,0.439380941
MAR,2022,12016.34707
MDA,2022,1130.356259
MDG,2022,256379.4362
MEX,2022,178857.8794
MKD,2022,2448.352757
MLI,2022,159.1962083
MMR,2022,260937.8545
MNE,2022,1168.831261
MNG,2022,102.9896796
MOZ,2022,237826.3117
MRT,2022,0
MSR,2022,0.590070102
MTQ,2022,32.83465202
MWI,2022,14857.92502
MYS,2022,248089.043
MYT,2022,73.09736044
NAM,2022,1.01173971
NCL,2022,374.0813315
NER,2022,0
NGA,2022,106189.3959
NIC,2022,48987.42682
NLD,2022,1186.207567
NOR,2022,67306.35124
NPL,2022,2022.487496
NZL,2022,58514.80513
PAK,2022,48.63138713
PAN,2022,17327.31252
PER,2022,236121.8721
PHL,2022,84543.47276
PLW,2022,9.314852449
PNG,2022,142078.8241
POL,2022,72193.11839
PRI,2022,614.9610082
PRK,2022,9046.92788
PRT,2022,46875.52148
PRY,2022,217142.2122
ROU,2022,16515.81412
RUS,2022,4287816.829
RWA,2022,2536.450579
SDN,2022,43.32917425
SEN,2022,289.1091312
SGP,2022,103.0590558
SLB,2022,14502.18596
SLE,2022,119929.3899
SLV,2022,1632.422167
SOM,2022,125.5189527
SRB,2022,4505.788964
SSD,2022,3463.019865
SUR,2022,14541.76179
SVK,2022,5206.699885
SVN,2022,2856.742144
SWE,2022,329902.4728
SWZ,2022,1937.376134
SXM,2022,0.512746979
SYR,2022,457.7730893
TCA,2022,15.67102818
TCD,2022,5444.712378
TGO,2022,5034.044034
THA,2022,110663.3233
TJK,2022,0.122407742
TLS,2022,1113.387263
TTO,2022,375.2072082
TUN,2022,2943.556996
TUR,2022,53403.76925
TWN,2022,1513.182956
TZA,2022,160668.2264
UGA,2022,64134.70198
UKR,2022,47989.67622
URY,2022,15858.60148
USA,2022,2204642.521
UZB,2022,7.489416884
VCT,2022,63.45990616
VEN,2022,55789.6158
VGB,2022,2.046316305
VIR,2022,33.65771102
VNM,2022,165142.0585
VUT,2022,48.26949804
XAD,2022,0
XCA,2022,1.553921852
XKO,2022,784.68526
XNC,2022,527.1590301
ZAF,2022,40979.7187
ZMB,2022,179098.2615
ZWE,2022,8264.980457
AFG,2023,14.741505
AGO,2023,268335.712
ALA,2023,1093.001401
ALB,2023,2503.037311
AND,2023,5.645944556
ARG,2023,215934.6812
ARM,2023,86.45189273
ATG,2023,19.2055496
AUS,2023,190713.3075
AUT,2023,26503.9753
AZE,2023,460.9647855
BDI,2023,1952.261194
BEL,2023,7579.451168
BEN,2023,2617.352521
BFA,2023,0
BGD,2023,17786.94245
BGR,2023,5653.241796
BHS,2023,1259.369816
BIH,2023,3947.301713
BLR,2023,59232.45426
BLZ,2023,22561.03184
BOL,2023,696363.2662
BRA,2023,2806057.587
BRB,2023,5.920855219
BRN,2023,915.3749757
BTN,2023,1797.008
BWA,2023,2.395033293
CAF,2023,54533.55891
CAN,2023,8570168.428
CHE,2023,3120.304312
CHL,2023,107332.2655
CHN,2023,602595.0239
CIV,2023,190282.6462
CMR,2023,204198.189
COD,2023,1324890.105
COG,2023,67414.9222
COL,2023,196647.0927
COM,2023,154.2229482
CRI,2023,9031.21309
CUB,2023,18795.43971
CUW,2023,3.836549082
CYM,2023,24.62707434
CYP,2023,54.50247531
CZE,2023,24393.07966
DEU,2023,122937.3456
DMA,2023,144.9593357
DNK,2023,3977.584876
DOM,2023,22946.10606
DZA,2023,22023.42435
ECU,2023,42959.15452
EGY,2023,35.40372229
ERI,2023,0
ESP,2023,85868.78476
EST,2023,36155.61089
ETH,2023,36262.92477
FIN,2023,241781.0741
FJI,2023,788.6700724
FRA,2023,86279.34377
GAB,2023,19706.66703
GBR,2023,21604.09714
GEO,2023,785.4812538
GGY,2023,0.655102783
GHA,2023,112570.4464
GIN,2023,154122.6083
GLP,2023,36.83073757
GMB,2023,12.0676435
GNB,2023,11478.51067
GNQ,2023,8524.907048
GRC,2023,46011.58533
GRD,2023,26.71467963
GTM,2023,71129.08031
GUF,2023,5044.286417
GUY,2023,27882.03342
HKG,2023,67.67734533
HND,2023,84447.88753
HRV,2023,10503.30578
HTI,2023,2555.785161
HUN,2023,19708.8366
IDN,2023,1395285.159
IMN,2023,7.62201475
IND,2023,143590.7581
IRL,2023,6863.163612
IRN,2023,136.9653697
IRQ,2023,3.355857671
ISR,2023,61.34880051
ITA,2023,44863.78064
JAM,2023,1970.823023
JOR,2023,0.391894789
JPN,2023,50608.10602
KAZ,2023,20111.86886
KEN,2023,11257.30004
KGZ,2023,94.26578992
KHM,2023,120829.1524
KNA,2023,3.235685681
KOR,2023,21641.24232
LAO,2023,445467.4276
LBN,2023,522.5797595
LBR,2023,155262.3557
LBY,2023,67.50620039
LCA,2023,24.81043504
LIE,2023,0.896322177
LKA,2023,11721.03557
LSO,2023,1.47745337
LTU,2023,24749.60288
LUX,2023,912.8233561
LVA,2023,54500.14725
MAC,2023,15.99437124
MAF,2023,0.073236073
MAR,2023,4004.747377
MDA,2023,1380.686985
MDG,2023,303190.3873
MDV,2023,14.44443859
MEX,2023,226351.0478
MKD,2023,2798.30717
MLI,2023,315.7726455
MMR,2023,307184.3224
MNE,2023,1667.685211
MNG,2023,839.1915683
MOZ,2023,262176.0815
MRT,2023,0
MSR,2023,0
MTQ,2023,106.1986462
MWI,2023,22946.31325
MYS,2023,308584.6469
MYT,2023,54.19937884
NAM,2023,1.172830986
NCL,2023,596.9165495
NER,2023,0
NGA,2023,85267.49475
NIC,2023,117554.5238
NLD,2023,1577.65704
NOR,2023,57970.94277
NPL,2023,2277.245074
NZL,2023,50462.90404
PAK,2023,148.300099
PAN,2023,25086.39655
PER,2023,227674.936
PHL,2023,42736.28399
PLW,2023,34.51967702
PNG,2023,83764.99133
POL,2023,76137.7393
PRI,2023,760.6727908
PRK,2023,10118.54146
PRT,2023,36388.16838
PRY,2023,184551.6548
PSE,2023,0.196151658
ROU,2023,25379.76993
RUS,2023,3354720.169
RWA,2023,3036.319255
SDN,2023,22.80814069
SEN,2023,161.6848344
SGP,2023,186.4303806
SLB,2023,9577.94852
SLE,2023,99682.00056
SLV,2023,1784.775414
SMR,2023,0.39042938
SOM,2023,104.6008532
SRB,2023,7866.165869
SSD,2023,6181.86337
SUR,2023,26116.13471
SVK,2023,9851.531551
SVN,2023,4626.126619
SWE,2023,313926.3147
SWZ,2023,2034.818168
SXM,2023,0.366242638
SYR,2023,2445.720043
TCA,2023,23.89354383
TCD,2023,11067.20165
TGO,2023,4460.989635
THA,2023,141873.8125
TJK,2023,14.21694725
TLS,2023,1477.349611
TTO,2023,846.7431062
TUN,2023,3447.07189
TUR,2023,54043.73077
TWN,2023,1965.182724
TZA,2023,229038.5684
UGA,2023,68915.85091
UKR,2023,67102.75459
URY,2023,20948.5603
USA,2023,1382421.458
UZB,2023,0.51379084
VCT,2023,11.16512803
VEN,2023,76614.20629
VGB,2023,2.192419602
VIR,2023,26.84787535
VNM,2023,135315.6002
VUT,2023,839.634146
XCA,2023,0.989440314
XKO,2023,1465.438575
XNC,2023,41.02910411
ZAF,2023,29571.21924
ZMB,2023,190416.5868
ZWE,2023,5690.371581
